seq	triplettoken	mut_type
A$A	1	SNV
A$C	2	SNV
A$G	3	SNV
A$T	4	SNV
C$A	5	SNV
C$C	6	SNV
C$G	7	SNV
C$T	8	SNV
G$A	9	SNV
G$C	10	SNV
G$G	11	SNV
G$T	12	SNV
T$A	13	SNV
T$C	14	SNV
T$G	15	SNV
T$T	16	SNV
A%A	17	SNV
A%C	18	SNV
A%G	19	SNV
A%T	20	SNV
C%A	21	SNV
C%C	22	SNV
C%G	23	SNV
C%T	24	SNV
G%A	25	SNV
G%C	26	SNV
G%G	27	SNV
G%T	28	SNV
T%A	29	SNV
T%C	30	SNV
T%G	31	SNV
T%T	32	SNV
A^A	33	SNV
A^C	34	SNV
A^G	35	SNV
A^T	36	SNV
C^A	37	SNV
C^C	38	SNV
C^G	39	SNV
C^T	40	SNV
G^A	41	SNV
G^C	42	SNV
G^G	43	SNV
G^T	44	SNV
T^A	45	SNV
T^C	46	SNV
T^G	47	SNV
T^T	48	SNV
A:A	49	SNV
A:C	50	SNV
A:G	51	SNV
A:T	52	SNV
C:A	53	SNV
C:C	54	SNV
C:G	55	SNV
C:T	56	SNV
G:A	57	SNV
G:C	58	SNV
G:G	59	SNV
G:T	60	SNV
T:A	61	SNV
T:C	62	SNV
T:G	63	SNV
T:T	64	SNV
A;A	65	SNV
A;C	66	SNV
A;G	67	SNV
A;T	68	SNV
C;A	69	SNV
C;C	70	SNV
C;G	71	SNV
C;T	72	SNV
G;A	73	SNV
G;C	74	SNV
G;G	75	SNV
G;T	76	SNV
T;A	77	SNV
T;C	78	SNV
T;G	79	SNV
T;T	80	SNV
A?A	81	SNV
A?C	82	SNV
A?G	83	SNV
A?T	84	SNV
C?A	85	SNV
C?C	86	SNV
C?G	87	SNV
C?T	88	SNV
G?A	89	SNV
G?C	90	SNV
G?G	91	SNV
G?T	92	SNV
T?A	93	SNV
T?C	94	SNV
T?G	95	SNV
T?T	96	SNV
C;;	97	MNV
^;T	98	MNV
A:~	99	MNV
^^A	100	MNV
T$$	101	MNV
^^T	102	MNV
G$$	103	MNV
C^^	104	MNV
&$T	105	MNV
:%G	106	MNV
C^:	107	MNV
^^C	108	MNV
T^^	109	MNV
C:#	110	MNV
G$@	111	MNV
G?$	112	MNV
@^A	113	MNV
G^$	114	MNV
$%T	115	MNV
C$#	116	MNV
$$C	117	MNV
&^T	118	MNV
!:G	119	MNV
C$$	120	MNV
$$G	121	MNV
$$A	122	MNV
$:T	123	MNV
^^G	124	MNV
C:$	125	MNV
~%T	126	MNV
A%^	127	MNV
C$~	128	MNV
T;~	129	MNV
$^A	130	MNV
G^^	131	MNV
:$A	132	MNV
G%%	133	MNV
A$$	134	MNV
$$T	135	MNV
T^;	136	MNV
A$!	137	MNV
T;$	138	MNV
A$@	139	MNV
T%~	140	MNV
G?^	141	MNV
T:$	142	MNV
;$T	143	MNV
$^T	144	MNV
T?#	145	MNV
T^$	146	MNV
A:#	147	MNV
T$%	148	MNV
:$C	149	MNV
!?T	150	MNV
A^^	151	MNV
~$A	152	MNV
!:A	153	MNV
&$A	154	MNV
A^%	155	MNV
T$^	156	MNV
~^T	157	MNV
T^*	158	MNV
T$!	159	MNV
C$^	160	MNV
$?T	161	MNV
C$%	162	MNV
^:T	163	MNV
A^$	164	MNV
T:?	165	MNV
~^C	166	MNV
A$^	167	MNV
T^?	168	MNV
^$A	169	MNV
#^C	170	MNV
^?G	171	MNV
&:G	172	MNV
$^G	173	MNV
A^&	174	MNV
T^:	175	MNV
G$%	176	MNV
$%C	177	MNV
T:^	178	MNV
G%^	179	MNV
C;~	180	MNV
:::	181	MNV
A%#	182	MNV
A^?	183	MNV
::@	184	MNV
%^T	185	MNV
%^C	186	MNV
&;A	187	MNV
T$&	188	MNV
T^#	189	MNV
@^T	190	MNV
T%^	191	MNV
%$A	192	MNV
$:G	193	MNV
~^A	194	MNV
A$%	195	MNV
&:&	196	MNV
G$~	197	MNV
#^T	198	MNV
^$T	199	MNV
:^T	200	MNV
$^C	201	MNV
C:^	202	MNV
#$A	203	MNV
A:$	204	MNV
C:*	205	MNV
A^:	206	MNV
C^%	207	MNV
T:#	208	MNV
T;#	209	MNV
#^A	210	MNV
G?@	211	MNV
G;~	212	MNV
::T	213	MNV
~$G	214	MNV
T^%	215	MNV
C??	216	MNV
$?C	217	MNV
;$A	218	MNV
G?~	219	MNV
:^C	220	MNV
#^G	221	MNV
C^$	222	MNV
T$@	223	MNV
G%@	224	MNV
A%$	225	MNV
A;^	226	MNV
G:~	227	MNV
A;$	228	MNV
$?G	229	MNV
%?T	230	MNV
C%#	231	MNV
G$:	232	MNV
A?~	233	MNV
%$C	234	MNV
C?:	235	MNV
C;^	236	MNV
G$^	237	MNV
$;G	238	MNV
T#A	239	MNV
$%A	240	MNV
C%^	241	MNV
G$&	242	MNV
$;T	243	MNV
^?T	244	MNV
^;A	245	MNV
T:;	246	MNV
C%&	247	MNV
T^!	248	MNV
G;:	249	MNV
T:@	250	MNV
#?C	251	MNV
C;?	252	MNV
C$!	253	MNV
&^A	254	MNV
A:^	255	MNV
@^G	256	MNV
&:C	257	MNV
~$T	258	MNV
;;A	259	MNV
$$:	260	MNV
&:T	261	MNV
@$A	262	MNV
^$C	263	MNV
~:A	264	MNV
:^A	265	MNV
%^A	266	MNV
%:C	267	MNV
T;;	268	MNV
C^?	269	MNV
T%$	270	MNV
C;#	271	MNV
T$?	272	MNV
!$A	273	MNV
T^@	274	MNV
T:~	275	MNV
G?;	276	MNV
#;A	277	MNV
T::	278	MNV
T?^	279	MNV
C:~	280	MNV
T?@	281	MNV
G%;	282	MNV
A:@	283	MNV
::G	284	MNV
T$:	285	MNV
A^#	286	MNV
~$C	287	MNV
;:C	288	MNV
G%*	289	MNV
?^C	290	MNV
A::	291	MNV
%$T	292	MNV
1%1	293	MNV
&%G	294	MNV
;:G	295	MNV
C^1	296	MNV
@%G	297	MNV
T?~	298	MNV
&:A	299	MNV
G$?	300	MNV
G%?	301	MNV
G:$	302	MNV
?^G	303	MNV
C$@	304	MNV
&;T	305	MNV
G$;	306	MNV
:$T	307	MNV
:^G	308	MNV
&;G	309	MNV
#:A	310	MNV
#%T	311	MNV
;^T	312	MNV
:?C	313	MNV
$:C	314	MNV
;:A	315	MNV
A;3	316	MNV
&$C	317	MNV
%;G	318	MNV
C;&	319	MNV
$?A	320	MNV
A?*	321	MNV
#$G	322	MNV
&?G	323	MNV
&$G	324	MNV
$;C	325	MNV
?$A	326	MNV
C$?	327	MNV
?;A	328	MNV
#:G	329	MNV
1:T	330	MNV
G%!	331	MNV
%?G	332	MNV
@?C	333	MNV
~;T	334	MNV
T%:	335	MNV
T$~	336	MNV
~%;	337	MNV
@:T	338	MNV
#:T	339	MNV
;^C	340	MNV
A:&	341	MNV
C?~	342	MNV
^^#	343	MNV
?$T	344	MNV
$:A	345	MNV
:$G	346	MNV
C^&	347	MNV
@?@	348	MNV
G$#	349	MNV
T;:	350	MNV
A%%	351	MNV
A^;	352	MNV
G@A	353	MNV
?^A	354	MNV
C$:	355	MNV
A?^	356	MNV
C;$	357	MNV
~?C	358	MNV
A$#	359	MNV
C?^	360	MNV
C;:	361	MNV
;;T	362	MNV
C?$	363	MNV
?^^	364	MNV
&^C	365	MNV
G:^	366	MNV
:;A	367	MNV
^;C	368	MNV
~:G	369	MNV
T$;	370	MNV
A$:	371	MNV
G%$	372	MNV
A$?	373	MNV
$;A	374	MNV
%?C	375	MNV
G^:	376	MNV
T?$	377	MNV
T$#	378	MNV
%^G	379	MNV
^$G	380	MNV
~?T	381	MNV
C;!	382	MNV
*;G	383	MNV
A;~	384	MNV
*^;	385	MNV
2^4	386	MNV
*^C	387	MNV
:;C	388	MNV
G:&	389	MNV
;:T	390	MNV
2^3	391	MNV
::?	392	MNV
~^G	393	MNV
G^#	394	MNV
;^A	395	MNV
G?#	396	MNV
A:!	397	MNV
%:T	398	MNV
G?&	399	MNV
C:;	400	MNV
A;#	401	MNV
::A	402	MNV
G^!	403	MNV
T?&	404	MNV
A;:	405	MNV
:?G	406	MNV
*^T	407	MNV
%%A	408	MNV
G;&	409	MNV
A$;	410	MNV
*$T	411	MNV
T:!	412	MNV
:;!	413	MNV
%;C	414	MNV
;?C	415	MNV
T;^	416	MNV
#?A	417	MNV
^%C	418	MNV
G:@	419	MNV
^:C	420	MNV
%^^	421	MNV
G:%	422	MNV
T;&	423	MNV
~%A	424	MNV
T??	425	MNV
:?T	426	MNV
:^;	427	MNV
2;G	428	MNV
:?@	429	MNV
G%:	430	MNV
C^;	431	MNV
A:?	432	MNV
1#@	433	MNV
3#~	434	MNV
^%T	435	MNV
G:#	436	MNV
?:G	437	MNV
??T	438	MNV
??A	439	MNV
4%T	440	MNV
::C	441	MNV
?^T	442	MNV
~:T	443	MNV
:%A	444	MNV
^;G	445	MNV
&?A	446	MNV
@:&	447	MNV
C^#	448	MNV
G??	449	MNV
^:A	450	MNV
C:&	451	MNV
%$@	452	MNV
#$T	453	MNV
^?C	454	MNV
G$!	455	MNV
;$#	456	MNV
$%G	457	MNV
C^4	458	MNV
?$C	459	MNV
C::	460	MNV
%?~	461	MNV
T:&	462	MNV
C?;	463	MNV
~;G	464	MNV
!?C	465	MNV
G^;	466	MNV
;$^	467	MNV
::*	468	MNV
&%C	469	MNV
?$?	470	MNV
*$A	471	MNV
A;&	472	MNV
??C	473	MNV
:?A	474	MNV
T^~	475	MNV
C^@	476	MNV
!^G	477	MNV
C:@	478	MNV
&^G	479	MNV
A?$	480	MNV
%:G	481	MNV
C$;	482	MNV
T;%	483	MNV
#;T	484	MNV
!^T	485	MNV
C?&	486	MNV
G^?	487	MNV
G%~	488	MNV
*^A	489	MNV
;:4	490	MNV
A*1	491	MNV
$:2	492	MNV
C?*	493	MNV
?%T	494	MNV
G:?	495	MNV
C%$	496	MNV
%%T	497	MNV
:;T	498	MNV
#:C	499	MNV
&%A	500	MNV
G%&	501	MNV
$%$	502	MNV
?$2	503	MNV
T%!	504	MNV
T%%	505	MNV
A^~	506	MNV
G::	507	MNV
*%C	508	MNV
A?&	509	MNV
^:G	510	MNV
T?:	511	MNV
?%C	512	MNV
A;@	513	MNV
3~!	514	MNV
A;?	515	MNV
~;A	516	MNV
&;C	517	MNV
T^&	518	MNV
C%:	519	MNV
$$?	520	MNV
!^C	521	MNV
;$C	522	MNV
^%A	523	MNV
C:!	524	MNV
G^&	525	MNV
$::	526	MNV
A$&	527	MNV
A:*	528	MNV
^;:	529	MNV
~?G	530	MNV
*:G	531	MNV
T?!	532	MNV
G?:	533	MNV
;?A	534	MNV
~%C	535	MNV
G^@	536	MNV
?;G	537	MNV
C%@	538	MNV
#$C	539	MNV
G$*	540	MNV
A?:	541	MNV
C%%	542	MNV
*^@	543	MNV
@:C	544	MNV
~%G	545	MNV
:%T	546	MNV
#;G	547	MNV
G?%	548	MNV
A%&	549	MNV
!$T	550	MNV
;?$	551	MNV
??G	552	MNV
&$:	553	MNV
A??	554	MNV
T:%	555	MNV
^?A	556	MNV
2;1	557	MNV
A:;	558	MNV
;?T	559	MNV
;%T	560	MNV
;:&	561	MNV
&:#	562	MNV
A^@	563	MNV
!:T	564	MNV
C:?	565	MNV
&?T	566	MNV
&%T	567	MNV
T%?	568	MNV
G?3	569	MNV
T$4	570	MNV
C$&	571	MNV
%;A	572	MNV
T%;	573	MNV
A&A	574	MNV
G;$	575	MNV
~:C	576	MNV
@?T	577	MNV
#%A	578	MNV
?;T	579	MNV
@:G	580	MNV
?:?	581	MNV
*?T	582	MNV
C;@	583	MNV
&?C	584	MNV
*:T	585	MNV
C%~	586	MNV
T%&	587	MNV
#?G	588	MNV
4?!	589	MNV
?!1	590	MNV
T%@	591	MNV
A;;	592	MNV
?;#	593	MNV
:^$	594	MNV
?:C	595	MNV
!$C	596	MNV
%:A	597	MNV
T:8	598	MNV
T:*	599	MNV
;;C	600	MNV
$;~	601	MNV
?:A	602	MNV
??*	603	MNV
A%:	604	MNV
@$T	605	MNV
%$G	606	MNV
A^!	607	MNV
*$C	608	MNV
G;!	609	MNV
T?;	610	MNV
A:%	611	MNV
@:A	612	MNV
~^#	613	MNV
G^%	614	MNV
G?!	615	MNV
:^:	616	MNV
T%#	617	MNV
G%#	618	MNV
T$*	619	MNV
$:$	620	MNV
?:T	621	MNV
:;G	622	MNV
C;*	623	MNV
A;1	624	MNV
A;!	625	MNV
%?A	626	MNV
A%;	627	MNV
%%C	628	MNV
G;#	629	MNV
#?T	630	MNV
~~3	631	MNV
2$$	632	MNV
$$3	633	MNV
G;*	634	MNV
^$$	635	MNV
;^G	636	MNV
!^A	637	MNV
^^@	638	MNV
?;C	639	MNV
C;%	640	MNV
:?~	641	MNV
!%T	642	MNV
A$~	643	MNV
:$!	644	MNV
T;*	645	MNV
A$*	646	MNV
:;:	647	MNV
;?*	648	MNV
;?G	649	MNV
#:^	650	MNV
;::	651	MNV
:;#	652	MNV
C^~	653	MNV
^;^	654	MNV
G;;	655	MNV
!:&	656	MNV
;^^	657	MNV
::$	658	MNV
A%?	659	MNV
:?*	660	MNV
&%!	661	MNV
?^:	662	MNV
@$G	663	MNV
:$:	664	MNV
!;T	665	MNV
T;!	666	MNV
^%G	667	MNV
&$?	668	MNV
C?%	669	MNV
@%A	670	MNV
:%C	671	MNV
:$$	672	MNV
*:C	673	MNV
!$G	674	MNV
&?#	675	MNV
A?@	676	MNV
C&C	677	MNV
C&G	678	MNV
G:*	679	MNV
!;G	680	MNV
C&A	681	MNV
&;*	682	MNV
:^!	683	MNV
A;*	684	MNV
C%?	685	MNV
@$C	686	MNV
@;T	687	MNV
&?!	688	MNV
C%!	689	MNV
5$A	690	MNV
3^2	691	MNV
@^C	692	MNV
;$G	693	MNV
@?A	694	MNV
A^*	695	MNV
C$*	696	MNV
C:%	697	MNV
*?A	698	MNV
A%*	699	MNV
T?*	700	MNV
#;C	701	MNV
^:3	702	MNV
4^:	703	MNV
$$#	704	MNV
^^^	705	MNV
A;2	706	MNV
G:;	707	MNV
A?;	708	MNV
T;?	709	MNV
G^~	710	MNV
!;C	711	MNV
C^!	712	MNV
&^;	713	MNV
$$!	714	MNV
&*5	715	MNV
T#1	716	MNV
3~$	717	MNV
4::	718	MNV
*;C	719	MNV
2$:	720	MNV
#~3	721	MNV
*:~	722	MNV
G;@	723	MNV
^$#	724	MNV
#%C	725	MNV
~$2	726	MNV
G:!	727	MNV
A#G	728	MNV
##1	729	MNV
%$#	730	MNV
:$^	731	MNV
A?#	732	MNV
T#T	733	MNV
A%@	734	MNV
@::	735	MNV
T;1	736	MNV
%%G	737	MNV
;$;	738	MNV
@;G	739	MNV
$$@	740	MNV
3:C	741	MNV
;^!	742	MNV
@;A	743	MNV
C&T	744	MNV
A&T	745	MNV
:^^	746	MNV
;^*	747	MNV
4^T	748	MNV
G;^	749	MNV
!;3	750	MNV
4$:	751	MNV
G@T	752	MNV
G&C	753	MNV
~$;	754	MNV
#~1	755	MNV
!$#	756	MNV
T;@	757	MNV
#%G	758	MNV
C%*	759	MNV
$:#	760	MNV
!;A	761	MNV
?%A	762	MNV
*?G	763	MNV
T$2	764	MNV
^:*	765	MNV
:?#	766	MNV
T&A	767	MNV
%$!	768	MNV
%;T	769	MNV
1%T	770	MNV
G?*	771	MNV
^$:	772	MNV
$%&	773	MNV
::#	774	MNV
;^$	775	MNV
$:5	776	MNV
2$T	777	MNV
!$$	778	MNV
&&4	779	MNV
#%:	780	MNV
A%!	781	MNV
$:!	782	MNV
;;G	783	MNV
!?A	784	MNV
;$$	785	MNV
~?A	786	MNV
$$%	787	MNV
T~A	788	MNV
:$?	789	MNV
?^~	790	MNV
::;	791	MNV
:$2	792	MNV
3#^	793	MNV
&:2	794	MNV
C?@	795	MNV
C?#	796	MNV
!?^	797	MNV
*^G	798	MNV
:$*	799	MNV
~^;	800	MNV
A%~	801	MNV
#$:	802	MNV
1;2	803	MNV
:$@	804	MNV
:$#	805	MNV
!:C	806	MNV
;;~	807	MNV
&?*	808	MNV
&%;	809	MNV
#$*	810	MNV
^#2	811	MNV
$^2	812	MNV
!%A	813	MNV
~;C	814	MNV
@%C	815	MNV
*$G	816	MNV
1;1	817	MNV
#^;	818	MNV
4:T	819	MNV
A#1	820	MNV
::!	821	MNV
%%%	822	MNV
;%A	823	MNV
G?4	824	MNV
%^%	825	MNV
4?4	826	MNV
^^$	827	MNV
G;?	828	MNV
1;4	829	MNV
$$;	830	MNV
#$#	831	MNV
@^!	832	MNV
!:#	833	MNV
:%^	834	MNV
^&3	835	MNV
#^1	836	MNV
~:!	837	MNV
A:4	838	MNV
$^!	839	MNV
1$1	840	MNV
^%@	841	MNV
C$2	842	MNV
4^4	843	MNV
;&3	844	MNV
~:~	845	MNV
2^1	846	MNV
%%^	847	MNV
1^A	848	MNV
::&	849	MNV
2^2	850	MNV
#^^	851	MNV
4^C	852	MNV
T;2	853	MNV
A?!	854	MNV
~;*	855	MNV
^:!	856	MNV
3^3	857	MNV
!^:	858	MNV
#~2	859	MNV
?::	860	MNV
$$4	861	MNV
!%C	862	MNV
*%T	863	MNV
;%C	864	MNV
A;%	865	MNV
$%#	866	MNV
~::	867	MNV
3$A	868	MNV
3;2	869	MNV
^:^	870	MNV
^?@	871	MNV
*;T	872	MNV
?$^	873	MNV
&$~	874	MNV
^^;	875	MNV
$$$	876	MNV
~:#	877	MNV
C%;	878	MNV
2:03	879	MNV
&$$	880	MNV
;^@	881	MNV
%^;	882	MNV
?%^	883	MNV
C^*	884	MNV
@?G	885	MNV
$%@	886	MNV
C*A	887	MNV
~$:	888	MNV
1?4	889	MNV
G%2	890	MNV
T?4	891	MNV
#::	892	MNV
2^G	893	MNV
~#3	894	MNV
2$&	895	MNV
^;#	896	MNV
^~3	897	MNV
:^#	898	MNV
^:&	899	MNV
1^C	900	MNV
;%G	901	MNV
T;4	902	MNV
:?$	903	MNV
$;:	904	MNV
%;;	905	MNV
$^@	906	MNV
&^^	907	MNV
*:A	908	MNV
$^:	909	MNV
:&C	910	MNV
?@4	911	MNV
G^*	912	MNV
@$$	913	MNV
?$G	914	MNV
~^3	915	MNV
:?2	916	MNV
C#A	917	MNV
A!A	918	MNV
2&$	919	MNV
G~1	920	MNV
1@4	921	MNV
I%G	922	MNV
~%!	923	MNV
2:T	924	MNV
$^$	925	MNV
2$A	926	MNV
7?7	927	MNV
!;&	928	MNV
;^;	929	MNV
C:4	930	MNV
C?!	931	MNV
$^^	932	MNV
;;#	933	MNV
~^2	934	MNV
C?3	935	MNV
~?~	936	MNV
*^^	937	MNV
;;^	938	MNV
2:01	939	MNV
@^#	940	MNV
$%;	941	MNV
A~A	942	MNV
A*T	943	MNV
~%:	944	MNV
!~1	945	MNV
C;4	946	MNV
T^I	947	MNV
~?^	948	MNV
A?%	949	MNV
C#C	950	MNV
$;#	951	MNV
T;8	952	MNV
2%4	953	MNV
3^4	954	MNV
3:G	955	MNV
@%T	956	MNV
;^:	957	MNV
T%*	958	MNV
%?#	959	MNV
&?&	960	MNV
~%*	961	MNV
&%@	962	MNV
3;&	963	MNV
;;;	964	MNV
^#3	965	MNV
2:&	966	MNV
$%4	967	MNV
T?%	968	MNV
1~^	969	MNV
&$4	970	MNV
~?#	971	MNV
:;~	972	MNV
8%A	973	MNV
^;$	974	MNV
#;$	975	MNV
4$?	976	MNV
:^*	977	MNV
&;&	978	MNV
@$#	979	MNV
??&	980	MNV
3^@	981	MNV
^%%	982	MNV
?^#	983	MNV
%%!	984	MNV
??~	985	MNV
@;C	986	MNV
;?:	987	MNV
1^!	988	MNV
:;;	989	MNV
~%~	990	MNV
^%&	991	MNV
;^#	992	MNV
^;~	993	MNV
4?&	994	MNV
:$%	995	MNV
#^$	996	MNV
?^@	997	MNV
::~	998	MNV
$?&	999	MNV
&^$	1000	MNV
*;A	1001	MNV
2$1	1002	MNV
$$&	1003	MNV
^^2	1004	MNV
!?G	1005	MNV
A*A	1006	MNV
%%&	1007	MNV
~%^	1008	MNV
;$:	1009	MNV
1;C	1010	MNV
;%&	1011	MNV
3&&	1012	MNV
C!C	1013	MNV
::%	1014	MNV
#:$	1015	MNV
1^4	1016	MNV
@%4	1017	MNV
^$&	1018	MNV
2;C	1019	MNV
$?#	1020	MNV
?%G	1021	MNV
T%P	1022	MNV
%:@	1023	MNV
%$2	1024	MNV
*%G	1025	MNV
4?3	1026	MNV
*^?	1027	MNV
&%$	1028	MNV
&$!	1029	MNV
A:2	1030	MNV
:%4	1031	MNV
1*#	1032	MNV
%:#	1033	MNV
2^A	1034	MNV
3:01	1035	MNV
~^$	1036	MNV
:?5	1037	MNV
?$@	1038	MNV
3#T	1039	MNV
!$^	1040	MNV
~#2	1041	MNV
1~!	1042	MNV
1@?	1043	MNV
?$4	1044	MNV
!;4	1045	MNV
?$:	1046	MNV
*:*	1047	MNV
#:~	1048	MNV
!^^	1049	MNV
?^$	1050	MNV
~^^	1051	MNV
7;G	1052	MNV
B?A	1053	MNV
~&3	1054	MNV
:$4	1055	MNV
4%2	1056	MNV
$:?	1057	MNV
T&^	1058	MNV
*!1	1059	MNV
#^~	1060	MNV
T?6	1061	MNV
*%A	1062	MNV
?:$	1063	MNV
;:$	1064	MNV
??#	1065	MNV
&^!	1066	MNV
?:%	1067	MNV
~^~	1068	MNV
$;$	1069	MNV
A##	1070	MNV
2^^	1071	MNV
&&3	1072	MNV
3;T	1073	MNV
G;%	1074	MNV
2&&	1075	MNV
^^3	1076	MNV
^?&	1077	MNV
#^2	1078	MNV
3&:	1079	MNV
1%4	1080	MNV
1%2	1081	MNV
#:#	1082	MNV
3?C	1083	MNV
1$#	1084	MNV
:%;	1085	MNV
$^~	1086	MNV
3^A	1087	MNV
?^;	1088	MNV
::2	1089	MNV
:^%	1090	MNV
$$^	1091	MNV
3$4	1092	MNV
*$#	1093	MNV
1#~	1094	MNV
2##	1095	MNV
::3	1096	MNV
##3	1097	MNV
$:4	1098	MNV
A@1	1099	MNV
C:3	1100	MNV
;%@	1101	MNV
G@C	1102	MNV
1$T	1103	MNV
G;1	1104	MNV
;:3	1105	MNV
?$!	1106	MNV
&^:	1107	MNV
:^@	1108	MNV
T^4	1109	MNV
4;4	1110	MNV
3:T	1111	MNV
;:~	1112	MNV
;;&	1113	MNV
2:02	1114	MNV
4;?	1115	MNV
!@1	1116	MNV
;$&	1117	MNV
C!A	1118	MNV
%$?	1119	MNV
#:?	1120	MNV
~$?	1121	MNV
:?;	1122	MNV
3%A	1123	MNV
2;2	1124	MNV
~^:	1125	MNV
*^#	1126	MNV
:&&	1127	MNV
:?&	1128	MNV
8:T	1129	MNV
A#3	1130	MNV
2;3	1131	MNV
4;T	1132	MNV
T:1	1133	MNV
:%@	1134	MNV
C%2	1135	MNV
G;2	1136	MNV
A$2	1137	MNV
@^8	1138	MNV
&$3	1139	MNV
4%4	1140	MNV
8$2	1141	MNV
%?@	1142	MNV
&:^	1143	MNV
C:1	1144	MNV
$$~	1145	MNV
$;&	1146	MNV
$%?	1147	MNV
8;T	1148	MNV
$;^	1149	MNV
@:^	1150	MNV
A%4	1151	MNV
^;&	1152	MNV
G?7	1153	MNV
$^?	1154	MNV
!^?	1155	MNV
;^?	1156	MNV
2$4	1157	MNV
T:5	1158	MNV
#??	1159	MNV
^^~	1160	MNV
2::	1161	MNV
T&!	1162	MNV
G?2	1163	MNV
::^	1164	MNV
3?2	1165	MNV
7$T	1166	MNV
;^2	1167	MNV
T:4	1168	MNV
3&3	1169	MNV
^$!	1170	MNV
B^A	1171	MNV
A#A	1172	MNV
#?&	1173	MNV
8^T	1174	MNV
!%G	1175	MNV
G^3	1176	MNV
5::	1177	MNV
1:C	1178	MNV
&^&	1179	MNV
A^3	1180	MNV
*%;	1181	MNV
G:6	1182	MNV
~:^	1183	MNV
;:;	1184	MNV
1^2	1185	MNV
7%2	1186	MNV
^%1	1187	MNV
4$4	1188	MNV
C;2	1189	MNV
;:#	1190	MNV
$?@	1191	MNV
4;A	1192	MNV
4;1	1193	MNV
G:3	1194	MNV
1;3	1195	MNV
1^3	1196	MNV
4:A	1197	MNV
A$7	1198	MNV
^$^	1199	MNV
6:T	1200	MNV
#:%	1201	MNV
;^~	1202	MNV
2&:	1203	MNV
#^3	1204	MNV
??2	1205	MNV
T:3	1206	MNV
^:~	1207	MNV
%$:	1208	MNV
1;T	1209	MNV
C$1	1210	MNV
!^!	1211	MNV
&?$	1212	MNV
:;^	1213	MNV
1?1	1214	MNV
5:G	1215	MNV
2%3	1216	MNV
&:;	1217	MNV
^$;	1218	MNV
A$1	1219	MNV
2;&	1220	MNV
4?G	1221	MNV
T%I	1222	MNV
&^2	1223	MNV
#!1	1224	MNV
G~G	1225	MNV
4?:	1226	MNV
*$5	1227	MNV
4?*	1228	MNV
2:$	1229	MNV
$^#	1230	MNV
T!1	1231	MNV
4?A	1232	MNV
D;T	1233	MNV
$%:	1234	MNV
&::	1235	MNV
T~G	1236	MNV
A@C	1237	MNV
T@A	1238	MNV
#$;	1239	MNV
@$@	1240	MNV
^:@	1241	MNV
;$!	1242	MNV
7?^	1243	MNV
&$#	1244	MNV
1#^	1245	MNV
&:4	1246	MNV
$%!	1247	MNV
^:#	1248	MNV
!$!	1249	MNV
1@T	1250	MNV
$?4	1251	MNV
$:^	1252	MNV
~%@	1253	MNV
^?^	1254	MNV
A~*	1255	MNV
&$&	1256	MNV
C^2	1257	MNV
6;G	1258	MNV
$;!	1259	MNV
*$@	1260	MNV
4^3	1261	MNV
^%^	1262	MNV
4$C	1263	MNV
4&:	1264	MNV
1:A	1265	MNV
??4	1266	MNV
T!A	1267	MNV
1:~	1268	MNV
??:	1269	MNV
@:$	1270	MNV
$&2	1271	MNV
3^~	1272	MNV
$:%	1273	MNV
#^:	1274	MNV
~%#	1275	MNV
#%%	1276	MNV
G;3	1277	MNV
#;~	1278	MNV
4$#	1279	MNV
~^!	1280	MNV
3$1	1281	MNV
2:A	1282	MNV
4;2	1283	MNV
A%7	1284	MNV
#:@	1285	MNV
C#T	1286	MNV
&:$	1287	MNV
$:&	1288	MNV
4?1	1289	MNV
1%C	1290	MNV
2$C	1291	MNV
T?8	1292	MNV
3;3	1293	MNV
3~#	1294	MNV
^#1	1295	MNV
^?:	1296	MNV
&:%	1297	MNV
4:01	1298	MNV
4$T	1299	MNV
;$?	1300	MNV
3;A	1301	MNV
%:2	1302	MNV
@^&	1303	MNV
*;&	1304	MNV
1;A	1305	MNV
;$~	1306	MNV
?%#	1307	MNV
%:$	1308	MNV
$:*	1309	MNV
$:3	1310	MNV
:?!	1311	MNV
C$5	1312	MNV
^?~	1313	MNV
$??	1314	MNV
:;@	1315	MNV
4^2	1316	MNV
%^@	1317	MNV
2#A	1318	MNV
~*1	1319	MNV
4%$	1320	MNV
&;4	1321	MNV
$!A	1322	MNV
:%:	1323	MNV
:$&	1324	MNV
3^1	1325	MNV
#$^	1326	MNV
@;&	1327	MNV
A&G	1328	MNV
T~T	1329	MNV
^%$	1330	MNV
?:&	1331	MNV
%^!	1332	MNV
@^4	1333	MNV
4$2	1334	MNV
#:4	1335	MNV
A#T	1336	MNV
G$2	1337	MNV
A~~	1338	MNV
3~C	1339	MNV
3~T	1340	MNV
&#A	1341	MNV
:^2	1342	MNV
#?:	1343	MNV
3;~	1344	MNV
:?^	1345	MNV
%?$	1346	MNV
T%4	1347	MNV
T%2	1348	MNV
&:@	1349	MNV
4?T	1350	MNV
2:%	1351	MNV
*#3	1352	MNV
T*3	1353	MNV
2;A	1354	MNV
A:1	1355	MNV
*^:	1356	MNV
A^1	1357	MNV
3^G	1358	MNV
3?G	1359	MNV
~^*	1360	MNV
*:@	1361	MNV
B%C	1362	MNV
!~3	1363	MNV
@;$	1364	MNV
3??	1365	MNV
~$!	1366	MNV
!$%	1367	MNV
T^8	1368	MNV
1?T	1369	MNV
:&4	1370	MNV
1&3	1371	MNV
2^#	1372	MNV
A?2	1373	MNV
^;;	1374	MNV
2:04	1375	MNV
D%T	1376	MNV
G&A	1377	MNV
*#1	1378	MNV
~~1	1379	MNV
:&3	1380	MNV
T&%	1381	MNV
::4	1382	MNV
1^#	1383	MNV
C!G	1384	MNV
:%!	1385	MNV
&:~	1386	MNV
:$3	1387	MNV
&^3	1388	MNV
?^?	1389	MNV
3##	1390	MNV
C$6	1391	MNV
1$A	1392	MNV
3^^	1393	MNV
#;&	1394	MNV
3?1	1395	MNV
~$#	1396	MNV
T##	1397	MNV
&&2	1398	MNV
%%@	1399	MNV
C#3	1400	MNV
2%C	1401	MNV
#$!	1402	MNV
A?1	1403	MNV
4:02	1404	MNV
*:#	1405	MNV
#?~	1406	MNV
%:4	1407	MNV
%%;	1408	MNV
A!3	1409	MNV
D%A	1410	MNV
4*3	1411	MNV
&^@	1412	MNV
~$^	1413	MNV
@;:	1414	MNV
:%%	1415	MNV
;:@	1416	MNV
@?$	1417	MNV
#^@	1418	MNV
%$4	1419	MNV
1~*	1420	MNV
~$@	1421	MNV
;?^	1422	MNV
@$%	1423	MNV
:$;	1424	MNV
1;*	1425	MNV
~?&	1426	MNV
%^?	1427	MNV
%@4	1428	MNV
A*C	1429	MNV
1^T	1430	MNV
4%A	1431	MNV
@^1	1432	MNV
1!A	1433	MNV
?:;	1434	MNV
%$;	1435	MNV
4:03	1436	MNV
!::	1437	MNV
4;C	1438	MNV
@@2	1439	MNV
3;;	1440	MNV
1?3	1441	MNV
3;G	1442	MNV
;;@	1443	MNV
#$$	1444	MNV
^?$	1445	MNV
A?6	1446	MNV
?:#	1447	MNV
@^^	1448	MNV
G&G	1449	MNV
!^~	1450	MNV
&$^	1451	MNV
&%:	1452	MNV
1#3	1453	MNV
*$:	1454	MNV
&;~	1455	MNV
4^A	1456	MNV
&;$	1457	MNV
~:%	1458	MNV
$:@	1459	MNV
&$2	1460	MNV
^:?	1461	MNV
G!4	1462	MNV
&$@	1463	MNV
&^*	1464	MNV
*?C	1465	MNV
@;^	1466	MNV
!:$	1467	MNV
^@2	1468	MNV
@:#	1469	MNV
@;*	1470	MNV
@%@	1471	MNV
#$@	1472	MNV
:??	1473	MNV
C$4	1474	MNV
*?~	1475	MNV
3#A	1476	MNV
B^C	1477	MNV
T:2	1478	MNV
&%#	1479	MNV
@&G	1480	MNV
3%G	1481	MNV
#%@	1482	MNV
G:2	1483	MNV
A~3	1484	MNV
%?1	1485	MNV
4!*	1486	MNV
G!A	1487	MNV
4#3	1488	MNV
5:^	1489	MNV
1@A	1490	MNV
A!1	1491	MNV
4&T	1492	MNV
A~1	1493	MNV
;:?	1494	MNV
2%1	1495	MNV
T#3	1496	MNV
3?4	1497	MNV
2^T	1498	MNV
$:~	1499	MNV
A:3	1500	MNV
:%$	1501	MNV
~;~	1502	MNV
;%^	1503	MNV
A~T	1504	MNV
$?:	1505	MNV
?%$	1506	MNV
3%2	1507	MNV
$;;	1508	MNV
3:02	1509	MNV
!$:	1510	MNV
!:?	1511	MNV
2$2	1512	MNV
5:A	1513	MNV
#$~	1514	MNV
1$4	1515	MNV
~?:	1516	MNV
??%	1517	MNV
A%1	1518	MNV
4:G	1519	MNV
2^C	1520	MNV
~!1	1521	MNV
1?A	1522	MNV
3$2	1523	MNV
&^#	1524	MNV
$$2	1525	MNV
4&&	1526	MNV
##T	1527	MNV
A@4	1528	MNV
^^1	1529	MNV
C#1	1530	MNV
T?7	1531	MNV
1~~	1532	MNV
!*4	1533	MNV
$&3	1534	MNV
%;^	1535	MNV
^^8	1536	MNV
2;4	1537	MNV
&:!	1538	MNV
*$^	1539	MNV
2;^	1540	MNV
3:03	1541	MNV
G^1	1542	MNV
#^#	1543	MNV
2:C	1544	MNV
4?2	1545	MNV
A@A	1546	MNV
1~#	1547	MNV
4$$	1548	MNV
^$~	1549	MNV
!;~	1550	MNV
;$%	1551	MNV
T^1	1552	MNV
A&C	1553	MNV
:$~	1554	MNV
~^1	1555	MNV
7%%	1556	MNV
T&&	1557	MNV
@?7	1558	MNV
7^C	1559	MNV
G^4	1560	MNV
2$#	1561	MNV
A@#	1562	MNV
:~3	1563	MNV
~:5	1564	MNV
1^1	1565	MNV
!;#	1566	MNV
1?G	1567	MNV
2$^	1568	MNV
T^2	1569	MNV
G$4	1570	MNV
3!;	1571	MNV
&~3	1572	MNV
@?2	1573	MNV
!%$	1574	MNV
G~#	1575	MNV
G$1	1576	MNV
8;C	1577	MNV
G@G	1578	MNV
2?4	1579	MNV
$^%	1580	MNV
5:T	1581	MNV
?:7	1582	MNV
4%@	1583	MNV
6;~	1584	MNV
7?:	1585	MNV
3$3	1586	MNV
;;6	1587	MNV
B:C	1588	MNV
?%!	1589	MNV
T;3	1590	MNV
@?^	1591	MNV
G:1	1592	MNV
C?4	1593	MNV
4;*	1594	MNV
@%!	1595	MNV
7:A	1596	MNV
T?1	1597	MNV
2:;	1598	MNV
#:&	1599	MNV
1$3	1600	MNV
1~A	1601	MNV
T&C	1602	MNV
T&3	1603	MNV
:*3	1604	MNV
2%#	1605	MNV
T~#	1606	MNV
4?;	1607	MNV
$?;	1608	MNV
3;!	1609	MNV
?@2	1610	MNV
A~2	1611	MNV
&:?	1612	MNV
*^$	1613	MNV
3:04	1614	MNV
G!3	1615	MNV
$^;	1616	MNV
G?1	1617	MNV
$%^	1618	MNV
C^6	1619	MNV
:;$	1620	MNV
1:02	1621	MNV
;;:	1622	MNV
A!T	1623	MNV
3%T	1624	MNV
3^T	1625	MNV
2?2	1626	MNV
??!	1627	MNV
!%#	1628	MNV
#;:	1629	MNV
#%$	1630	MNV
D:#	1631	MNV
1%@	1632	MNV
&%2	1633	MNV
T^6	1634	MNV
^?;	1635	MNV
%$$	1636	MNV
6^C	1637	MNV
1#1	1638	MNV
~:&	1639	MNV
!:^	1640	MNV
3;@	1641	MNV
#%!	1642	MNV
:;?	1643	MNV
~:$	1644	MNV
$?*	1645	MNV
:%#	1646	MNV
5%7	1647	MNV
:%~	1648	MNV
#:!	1649	MNV
C;3	1650	MNV
A;5	1651	MNV
~$%	1652	MNV
1:01	1653	MNV
2%2	1654	MNV
1;G	1655	MNV
??$	1656	MNV
G^2	1657	MNV
3$^	1658	MNV
&~2	1659	MNV
?$$	1660	MNV
1;@	1661	MNV
4?C	1662	MNV
4:&	1663	MNV
T#G	1664	MNV
~#1	1665	MNV
3:$	1666	MNV
%:&	1667	MNV
&?;	1668	MNV
4$A	1669	MNV
C:2	1670	MNV
4?~	1671	MNV
@:~	1672	MNV
:;&	1673	MNV
G*C	1674	MNV
@$^	1675	MNV
~:*	1676	MNV
4@T	1677	MNV
;;!	1678	MNV
^:$	1679	MNV
:&;	1680	MNV
#%#	1681	MNV
?:2	1682	MNV
3#!	1683	MNV
%^#	1684	MNV
%?&	1685	MNV
%?^	1686	MNV
~?%	1687	MNV
2?T	1688	MNV
^?!	1689	MNV
%#2	1690	MNV
3:*	1691	MNV
C?1	1692	MNV
2:G	1693	MNV
1?2	1694	MNV
&%^	1695	MNV
G%1	1696	MNV
A$3	1697	MNV
A?3	1698	MNV
4:04	1699	MNV
1$2	1700	MNV
&^?	1701	MNV
##2	1702	MNV
G#G	1703	MNV
;;?	1704	MNV
5?T	1705	MNV
A^4	1706	MNV
4;;	1707	MNV
:#1	1708	MNV
1%%	1709	MNV
**4	1710	MNV
A;4	1711	MNV
;:^	1712	MNV
#@A	1713	MNV
$&4	1714	MNV
1@1	1715	MNV
?;:	1716	MNV
^%;	1717	MNV
#?*	1718	MNV
@:@	1719	MNV
:?%	1720	MNV
^;!	1721	MNV
~??	1722	MNV
?$&	1723	MNV
C^D	1724	MNV
4:%	1725	MNV
^&2	1726	MNV
!^;	1727	MNV
~:;	1728	MNV
?;^	1729	MNV
^$@	1730	MNV
1^~	1731	MNV
4:@	1732	MNV
2$3	1733	MNV
#$%	1734	MNV
^^?	1735	MNV
D$G	1736	MNV
:;*	1737	MNV
&??	1738	MNV
%;$	1739	MNV
#%^	1740	MNV
#?@	1741	MNV
5$T	1742	MNV
#*1	1743	MNV
1##	1744	MNV
3&~	1745	MNV
@^@	1746	MNV
4:$	1747	MNV
&^8	1748	MNV
G#3	1749	MNV
%;&	1750	MNV
;$@	1751	MNV
C^3	1752	MNV
?;;	1753	MNV
I^A	1754	MNV
#%?	1755	MNV
!!1	1756	MNV
4??	1757	MNV
B$T	1758	MNV
3%4	1759	MNV
2#^	1760	MNV
&:3	1761	MNV
C&&	1762	MNV
#?#	1763	MNV
T*1	1764	MNV
$$7	1765	MNV
1:03	1766	MNV
^::	1767	MNV
@$:	1768	MNV
T&$	1769	MNV
*:^	1770	MNV
$%*	1771	MNV
5$C	1772	MNV
;;$	1773	MNV
G#A	1774	MNV
:?:	1775	MNV
4^1	1776	MNV
^^%	1777	MNV
%;:	1778	MNV
1?C	1779	MNV
;^%	1780	MNV
$?2	1781	MNV
A&3	1782	MNV
B:T	1783	MNV
*?&	1784	MNV
T~1	1785	MNV
^;*	1786	MNV
!$;	1787	MNV
~;^	1788	MNV
3^C	1789	MNV
4&$	1790	MNV
~?$	1791	MNV
#;^	1792	MNV
3%C	1793	MNV
~;$	1794	MNV
1;&	1795	MNV
A@G	1796	MNV
A!#	1797	MNV
T~2	1798	MNV
@#2	1799	MNV
@%#	1800	MNV
$?$	1801	MNV
;?;	1802	MNV
1%3	1803	MNV
%?2	1804	MNV
1$C	1805	MNV
^%!	1806	MNV
D%C	1807	MNV
~?;	1808	MNV
~~C	1809	MNV
^$%	1810	MNV
$?^	1811	MNV
&$%	1812	MNV
@?&	1813	MNV
C%4	1814	MNV
G&^	1815	MNV
;:%	1816	MNV
^^:	1817	MNV
1*~	1818	MNV
;^4	1819	MNV
4;^	1820	MNV
2#1	1821	MNV
$;*	1822	MNV
*$$	1823	MNV
A^5	1824	MNV
G^I	1825	MNV
1^^	1826	MNV
C@G	1827	MNV
T%B	1828	MNV
@#1	1829	MNV
6;T	1830	MNV
%%2	1831	MNV
G#2	1832	MNV
7%A	1833	MNV
5;A	1834	MNV
A@@	1835	MNV
?;&	1836	MNV
T!C	1837	MNV
5^2	1838	MNV
%:;	1839	MNV
@%;	1840	MNV
~^@	1841	MNV
%:%	1842	MNV
!$@	1843	MNV
T?5	1844	MNV
#*3	1845	MNV
@?*	1846	MNV
&*4	1847	MNV
2^$	1848	MNV
?$#	1849	MNV
A&2	1850	MNV
#^8	1851	MNV
C?I	1852	MNV
&?@	1853	MNV
@^%	1854	MNV
!%!	1855	MNV
6$T	1856	MNV
$%%	1857	MNV
1;~	1858	MNV
$^&	1859	MNV
1#A	1860	MNV
C*~	1861	MNV
@^;	1862	MNV
&?%	1863	MNV
*::	1864	MNV
1:@	1865	MNV
4$G	1866	MNV
#@1	1867	MNV
$?7	1868	MNV
?:@	1869	MNV
4;G	1870	MNV
T@T	1871	MNV
*&3	1872	MNV
T&#	1873	MNV
*:4	1874	MNV
;!1	1875	MNV
**1	1876	MNV
;:*	1877	MNV
C;6	1878	MNV
!^@	1879	MNV
;!4	1880	MNV
7?T	1881	MNV
^%#	1882	MNV
#%*	1883	MNV
:;4	1884	MNV
2@A	1885	MNV
A#8	1886	MNV
*%@	1887	MNV
~#G	1888	MNV
;!A	1889	MNV
1^G	1890	MNV
!$?	1891	MNV
@?#	1892	MNV
!!T	1893	MNV
1:G	1894	MNV
A*%	1895	MNV
4?$	1896	MNV
?:!	1897	MNV
4%C	1898	MNV
$~3	1899	MNV
#*T	1900	MNV
G%3	1901	MNV
&;;	1902	MNV
@%:	1903	MNV
A$I	1904	MNV
?;$	1905	MNV
T&4	1906	MNV
I%T	1907	MNV
T@1	1908	MNV
1:04	1909	MNV
1~C	1910	MNV
2$?	1911	MNV
!;1	1912	MNV
C@T	1913	MNV
T;6	1914	MNV
C^8	1915	MNV
3!A	1916	MNV
T?2	1917	MNV
4;@	1918	MNV
3:A	1919	MNV
7?!	1920	MNV
?$%	1921	MNV
1!1	1922	MNV
???	1923	MNV
?;?	1924	MNV
G#1	1925	MNV
A:5	1926	MNV
?^%	1927	MNV
8^!	1928	MNV
A^8	1929	MNV
*^*	1930	MNV
G@2	1931	MNV
1!4	1932	MNV
#;#	1933	MNV
C%1	1934	MNV
C~1	1935	MNV
*:?	1936	MNV
~?*	1937	MNV
@$!	1938	MNV
@^$	1939	MNV
~^?	1940	MNV
~;;	1941	MNV
%;#	1942	MNV
1%?	1943	MNV
2#~	1944	MNV
G;4	1945	MNV
^?*	1946	MNV
G$5	1947	MNV
A^2	1948	MNV
&$;	1949	MNV
B^T	1950	MNV
!?#	1951	MNV
;%:	1952	MNV
&;2	1953	MNV
T!G	1954	MNV
%%#	1955	MNV
?;~	1956	MNV
?;4	1957	MNV
@??	1958	MNV
~^%	1959	MNV
A#2	1960	MNV
^^&	1961	MNV
A~G	1962	MNV
C#^	1963	MNV
?:*	1964	MNV
T$1	1965	MNV
I%A	1966	MNV
!%&	1967	MNV
2%&	1968	MNV
@$*	1969	MNV
4*;	1970	MNV
@%1	1971	MNV
A&&	1972	MNV
~!A	1973	MNV
8^^	1974	MNV
P%C	1975	MNV
G&T	1976	MNV
~#8	1977	MNV
:&5	1978	MNV
$$5	1979	MNV
I?T	1980	MNV
D%G	1981	MNV
A^D	1982	MNV
^%:	1983	MNV
C~T	1984	MNV
&&A	1985	MNV
~:?	1986	MNV
T$6	1987	MNV
%^$	1988	MNV
*%&	1989	MNV
I$A	1990	MNV
C:P	1991	MNV
@;#	1992	MNV
2?C	1993	MNV
@$&	1994	MNV
*^!	1995	MNV
?%;	1996	MNV
C:5	1997	MNV
T*C	1998	MNV
G*T	1999	MNV
T#^	2000	MNV
D^C	2001	MNV
G~A	2002	MNV
~%$	2003	MNV
^%2	2004	MNV
T^3	2005	MNV
#%~	2006	MNV
@@G	2007	MNV
C~A	2008	MNV
^^!	2009	MNV
###	2010	MNV
3:&	2011	MNV
8^#	2012	MNV
G$8	2013	MNV
%$^	2014	MNV
T@C	2015	MNV
2#T	2016	MNV
$:;	2017	MNV
!^*	2018	MNV
5:&	2019	MNV
3~A	2020	MNV
5^C	2021	MNV
A!~	2022	MNV
~:@	2023	MNV
T^7	2024	MNV
#~G	2025	MNV
;;4	2026	MNV
~@A	2027	MNV
%*G	2028	MNV
;%$	2029	MNV
*%?	2030	MNV
D^A	2031	MNV
G!1	2032	MNV
G~T	2033	MNV
A$4	2034	MNV
&%%	2035	MNV
^&A	2036	MNV
!#3	2037	MNV
2:?	2038	MNV
3;1	2039	MNV
I;C	2040	MNV
@@4	2041	MNV
?:5	2042	MNV
%?*	2043	MNV
2@?	2044	MNV
$^3	2045	MNV
!?4	2046	MNV
2?$	2047	MNV
~!3	2048	MNV
T#*	2049	MNV
@;1	2050	MNV
1%:	2051	MNV
^@1	2052	MNV
^#8	2053	MNV
?:^	2054	MNV
A?I	2055	MNV
^:;	2056	MNV
4;&	2057	MNV
:^?	2058	MNV
T%7	2059	MNV
A%2	2060	MNV
&?~	2061	MNV
!%^	2062	MNV
@?1	2063	MNV
@%^	2064	MNV
4!C	2065	MNV
%:*	2066	MNV
@:*	2067	MNV
&;:	2068	MNV
@?:	2069	MNV
~~2	2070	MNV
C;B	2071	MNV
3$$	2072	MNV
&@A	2073	MNV
*~3	2074	MNV
4;3	2075	MNV
@@1	2076	MNV
*:$	2077	MNV
#:*	2078	MNV
~#A	2079	MNV
!$*	2080	MNV
A;D	2081	MNV
T~8	2082	MNV
#!3	2083	MNV
2@%	2084	MNV
*;3	2085	MNV
2?:	2086	MNV
G~C	2087	MNV
*;~	2088	MNV
3~~	2089	MNV
T~?	2090	MNV
4:;	2091	MNV
6*:	2092	MNV
!?$	2093	MNV
4^@	2094	MNV
&%?	2095	MNV
2^5	2096	MNV
1?7	2097	MNV
??1	2098	MNV
~~8	2099	MNV
C#G	2100	MNV
&^%	2101	MNV
G&&	2102	MNV
^%?	2103	MNV
?%%	2104	MNV
A%8	2105	MNV
8$A	2106	MNV
2$G	2107	MNV
&$1	2108	MNV
A#$	2109	MNV
C~G	2110	MNV
%?4	2111	MNV
&~8	2112	MNV
G:4	2113	MNV
%^1	2114	MNV
4&*	2115	MNV
C*C	2116	MNV
#^!	2117	MNV
D;G	2118	MNV
B%A	2119	MNV
T$I	2120	MNV
#$2	2121	MNV
3;4	2122	MNV
A?4	2123	MNV
2&G	2124	MNV
*%!	2125	MNV
&&G	2126	MNV
2&3	2127	MNV
^&8	2128	MNV
T%1	2129	MNV
P%T	2130	MNV
T@G	2131	MNV
T?P	2132	MNV
3~&	2133	MNV
3$C	2134	MNV
^$2	2135	MNV
^#C	2136	MNV
%#1	2137	MNV
4:*	2138	MNV
;;*	2139	MNV
%;~	2140	MNV
P;C	2141	MNV
C&:	2142	MNV
G$3	2143	MNV
#%;	2144	MNV
7?C	2145	MNV
2;T	2146	MNV
C@C	2147	MNV
8:05	2148	MNV
A^I	2149	MNV
G#T	2150	MNV
^?#	2151	MNV
;?4	2152	MNV
1!@	2153	MNV
&%*	2154	MNV
A~C	2155	MNV
5^A	2156	MNV
T;B	2157	MNV
I$G	2158	MNV
T&6	2159	MNV
::1	2160	MNV
I;T	2161	MNV
?@1	2162	MNV
4;!	2163	MNV
!*6	2164	MNV
T%8	2165	MNV
%^2	2166	MNV
3$:	2167	MNV
:?4	2168	MNV
G&3	2169	MNV
@*$	2170	MNV
%@1	2171	MNV
A?8	2172	MNV
I^C	2173	MNV
?$;	2174	MNV
4$1	2175	MNV
*&4	2176	MNV
2^:	2177	MNV
D:G	2178	MNV
1!C	2179	MNV
G~3	2180	MNV
C%B	2181	MNV
T$5	2182	MNV
C?6	2183	MNV
**T	2184	MNV
A#~	2185	MNV
~;&	2186	MNV
6:04	2187	MNV
*^~	2188	MNV
A!G	2189	MNV
;?!	2190	MNV
%%$	2191	MNV
;?~	2192	MNV
T&G	2193	MNV
8?T	2194	MNV
3?T	2195	MNV
C^7	2196	MNV
@:;	2197	MNV
A!C	2198	MNV
@?%	2199	MNV
:*4	2200	MNV
3;C	2201	MNV
~%&	2202	MNV
5$5	2203	MNV
2%%	2204	MNV
~$$	2205	MNV
A;I	2206	MNV
5^T	2207	MNV
*;$	2208	MNV
*^%	2209	MNV
4@A	2210	MNV
*$?	2211	MNV
T&8	2212	MNV
^$5	2213	MNV
A$5	2214	MNV
:&2	2215	MNV
3^#	2216	MNV
T*4	2217	MNV
6!T	2218	MNV
@^:	2219	MNV
1%A	2220	MNV
%;*	2221	MNV
G%P	2222	MNV
3::	2223	MNV
%:!	2224	MNV
::6	2225	MNV
C!3	2226	MNV
C~C	2227	MNV
I:T	2228	MNV
4%%	2229	MNV
%?:	2230	MNV
D;C	2231	MNV
A&:	2232	MNV
1;6	2233	MNV
;*3	2234	MNV
~~5	2235	MNV
4^G	2236	MNV
&^~	2237	MNV
%^:	2238	MNV
P^T	2239	MNV
C!T	2240	MNV
%%:	2241	MNV
*%~	2242	MNV
C$I	2243	MNV
1%#	2244	MNV
T*T	2245	MNV
4@?	2246	MNV
4?%	2247	MNV
T^B	2248	MNV
2$~	2249	MNV
4?@	2250	MNV
T&T	2251	MNV
4#2	2252	MNV
%%1	2253	MNV
??8	2254	MNV
@^2	2255	MNV
?:4	2256	MNV
#;@	2257	MNV
~:1	2258	MNV
T^P	2259	MNV
^~2	2260	MNV
#$1	2261	MNV
C@7	2262	MNV
^$?	2263	MNV
T~3	2264	MNV
~!8	2265	MNV
C^P	2266	MNV
C8T	2267	indel
211	2268	indel
G1A	2269	indel
75C	2270	indel
122	2271	indel
T24	2272	indel
A4T	2273	indel
T2C	2274	indel
T2T	2275	indel
55C	2276	indel
558	2277	indel
C5A	2278	indel
T5A	2279	indel
A8T	2280	indel
431	2281	indel
443	2282	indel
244	2283	indel
G5A	2284	indel
C3G	2285	indel
C1A	2286	indel
G8T	2287	indel
A7G	2288	indel
58T	2289	indel
113	2290	indel
C4T	2291	indel
G4T	2292	indel
86A	2293	indel
T2A	2294	indel
T21	2295	indel
121	2296	indel
144	2297	indel
T1A	2298	indel
766	2299	indel
424	2300	indel
312	2301	indel
A3G	2302	indel
111	2303	indel
334	2304	indel
442	2305	indel
444	2306	indel
55T	2307	indel
224	2308	indel
414	2309	indel
T6C	2310	indel
422	2311	indel
433	2312	indel
14A	2313	indel
T1T	2314	indel
85A	2315	indel
T3A	2316	indel
A41	2317	indel
44T	2318	indel
24C	2319	indel
A6C	2320	indel
134	2321	indel
85C	2322	indel
T6T	2323	indel
T3G	2324	indel
341	2325	indel
A21	2326	indel
141	2327	indel
T3T	2328	indel
A2C	2329	indel
865	2330	indel
G2C	2331	indel
858	2332	indel
A4A	2333	indel
C4A	2334	indel
C4G	2335	indel
123	2336	indel
G43	2337	indel
34G	2338	indel
142	2339	indel
411	2340	indel
A3C	2341	indel
12A	2342	indel
A6A	2343	indel
42A	2344	indel
G6C	2345	indel
C8G	2346	indel
114	2347	indel
655	2348	indel
A2A	2349	indel
T7G	2350	indel
776	2351	indel
65T	2352	indel
C42	2353	indel
586	2354	indel
C7G	2355	indel
T7T	2356	indel
585	2357	indel
242	2358	indel
58G	2359	indel
88C	2360	indel
866	2361	indel
G24	2362	indel
322	2363	indel
A8A	2364	indel
343	2365	indel
65G	2366	indel
A3A	2367	indel
A7A	2368	indel
124	2369	indel
78T	2370	indel
C1T	2371	indel
434	2372	indel
22C	2373	indel
132	2374	indel
88G	2375	indel
C43	2376	indel
C1C	2377	indel
A8G	2378	indel
213	2379	indel
G4C	2380	indel
A44	2381	indel
555	2382	indel
241	2383	indel
885	2384	indel
321	2385	indel
421	2386	indel
441	2387	indel
C5T	2388	indel
A2T	2389	indel
A23	2390	indel
42C	2391	indel
143	2392	indel
757	2393	indel
G2T	2394	indel
221	2395	indel
223	2396	indel
587	2397	indel
T3C	2398	indel
14G	2399	indel
A4G	2400	indel
C4C	2401	indel
24T	2402	indel
568	2403	indel
588	2404	indel
A2G	2405	indel
412	2406	indel
68A	2407	indel
785	2408	indel
68T	2409	indel
85G	2410	indel
58C	2411	indel
566	2412	indel
214	2413	indel
C8A	2414	indel
T5C	2415	indel
G8G	2416	indel
G1G	2417	indel
A24	2418	indel
C41	2419	indel
788	2420	indel
888	2421	indel
787	2422	indel
324	2423	indel
432	2424	indel
G5G	2425	indel
T5G	2426	indel
T1G	2427	indel
131	2428	indel
145	2429	indel
112	2430	indel
44A	2431	indel
222	2432	indel
T43	2433	indel
344	2434	indel
C5C	2435	indel
A3T	2436	indel
T44	2437	indel
577	2438	indel
T2G	2439	indel
212	2440	indel
88A	2441	indel
C22	2442	indel
311	2443	indel
313	2444	indel
676	2445	indel
575	2446	indel
T5T	2447	indel
T34	2448	indel
C3A	2449	indel
576	2450	indel
133	2451	indel
75T	2452	indel
T6G	2453	indel
755	2454	indel
C1G	2455	indel
768	2456	indel
243	2457	indel
G1C	2458	indel
42T	2459	indel
657	2460	indel
T1C	2461	indel
331	2462	indel
86G	2463	indel
T6A	2464	indel
342	2465	indel
57C	2466	indel
A4?	2467	indel
413	2468	indel
T42	2469	indel
875	2470	indel
C24	2471	indel
A5A	2472	indel
314	2473	indel
A6T	2474	indel
44G	2475	indel
C44	2476	indel
G22	2477	indel
^8T	2478	indel
66G	2479	indel
578	2480	indel
T51	2481	indel
C3C	2482	indel
878	2483	indel
G6G	2484	indel
333	2485	indel
A7C	2486	indel
22A	2487	indel
565	2488	indel
A6G	2489	indel
G23	2490	indel
T33	2491	indel
A8C	2492	indel
A7T	2493	indel
67G	2494	indel
56T	2495	indel
G2A	2496	indel
G2G	2497	indel
G1T	2498	indel
G4A	2499	indel
T88	2500	indel
234	2501	indel
T22	2502	indel
86C	2503	indel
32G	2504	indel
231	2505	indel
332	2506	indel
C7A	2507	indel
A4C	2508	indel
G4G	2509	indel
765	2510	indel
A22	2511	indel
668	2512	indel
66T	2513	indel
14T	2514	indel
87G	2515	indel
G21	2516	indel
G44	2517	indel
76C	2518	indel
232	2519	indel
868	2520	indel
886	2521	indel
877	2522	indel
887	2523	indel
323	2524	indel
31;	2525	indel
876	2526	indel
665	2527	indel
688	2528	indel
775	2529	indel
88T	2530	indel
867	2531	indel
855	2532	indel
14C	2533	indel
557	2534	indel
78A	2535	indel
758	2536	indel
51A	2537	indel
C6C	2538	indel
24A	2539	indel
32A	2540	indel
G7G	2541	indel
T41	2542	indel
55G	2543	indel
C86	2544	indel
12T	2545	indel
T8T	2546	indel
666	2547	indel
687	2548	indel
T68	2549	indel
857	2550	indel
C84	2551	indel
68G	2552	indel
77C	2553	indel
556	2554	indel
C8C	2555	indel
C7T	2556	indel
A42	2557	indel
656	2558	indel
G8A	2559	indel
33T	2560	indel
21T	2561	indel
34T	2562	indel
A31	2563	indel
T66	2564	indel
246	2565	indel
67A	2566	indel
C21	2567	indel
233	2568	indel
G6T	2569	indel
667	2570	indel
77T	2571	indel
777	2572	indel
56C	2573	indel
75A	2574	indel
686	2575	indel
778	2576	indel
658	2577	indel
677	2578	indel
423	2579	indel
22T	2580	indel
786	2581	indel
856	2582	indel
31A	2583	indel
44C	2584	indel
C1?	2585	indel
G6A	2586	indel
84T	2587	indel
C3T	2588	indel
685	2589	indel
12C	2590	indel
G42	2591	indel
675	2592	indel
767	2593	indel
A43	2594	indel
78C	2595	indel
C5G	2596	indel
G5^	2597	indel
57G	2598	indel
G87	2599	indel
$44 	2600	indel
24G	2601	indel
@12	2602	indel
756	2603	indel
T7A	2604	indel
34A	2605	indel
32T	2606	indel
A65	2607	indel
G8C	2608	indel
A13	2609	indel
754	2610	indel
G84	2611	indel
$2T	2612	indel
65A	2613	indel
^1T	2614	indel
A5C	2615	indel
^4T	2616	indel
68C	2617	indel
#3C	2618	indel
!33	2619	indel
87A	2620	indel
35T	2621	indel
G5T	2622	indel
22G	2623	indel
57T	2624	indel
66A	2625	indel
A84	2626	indel
T11	2627	indel
T7C	2628	indel
34C	2629	indel
A33	2630	indel
A8:	2631	indel
76A	2632	indel
56A	2633	indel
C66	2634	indel
G51	2635	indel
:3G	2636	indel
A5T	2637	indel
G1^	2638	indel
G41	2639	indel
#8G	2640	indel
C11	2641	indel
86T	2642	indel
32C	2643	indel
87C	2644	indel
67T	2645	indel
C71	2646	indel
42G	2647	indel
78G	2648	indel
T2$	2649	indel
C23	2650	indel
21A	2651	indel
76T	2652	indel
217	2653	indel
33G	2654	indel
C7C	2655	indel
56G	2656	indel
;3A	2657	indel
T2:	2658	indel
T73	2659	indel
T31	2660	indel
678	2661	indel
38T	2662	indel
C51	2663	indel
77A	2664	indel
G3$	2665	indel
T4:	2666	indel
C13	2667	indel
T32	2668	indel
G11	2669	indel
T8A	2670	indel
A88	2671	indel
C3^	2672	indel
31!	2673	indel
11G	2674	indel
:32	2675	indel
32^	2676	indel
13T	2677	indel
42@	2678	indel
567	2679	indel
C12	2680	indel
62C	2681	indel
41G	2682	indel
G65	2683	indel
T85	2684	indel
C88	2685	indel
31C	2686	indel
A85	2687	indel
G14	2688	indel
G88	2689	indel
12G	2690	indel
@11	2691	indel
11A	2692	indel
76G	2693	indel
T8~	2694	indel
G5C	2695	indel
G12	2696	indel
T23	2697	indel
T3^	2698	indel
G2?	2699	indel
$4T	2700	indel
*4T	2701	indel
T1*	2702	indel
T3$	2703	indel
C2?	2704	indel
42:00:00	2705	indel
^2C	2706	indel
T8^	2707	indel
C2^	2708	indel
$3A	2709	indel
11T	2710	indel
T13	2711	indel
T57	2712	indel
&1A	2713	indel
?44	2714	indel
34:00:00	2715	indel
C1#	2716	indel
41A	2717	indel
:4G	2718	indel
A3#	2719	indel
#12	2720	indel
?42	2721	indel
216	2722	indel
$88 	2723	indel
13A	2724	indel
T5~	2725	indel
66C	2726	indel
A2^	2727	indel
A34	2728	indel
G3A	2729	indel
A3~	2730	indel
21G	2731	indel
^34	2732	indel
^44	2733	indel
~1A	2734	indel
*21	2735	indel
!13	2736	indel
C8:	2737	indel
C77	2738	indel
A11	2739	indel
643	2740	indel
31G	2741	indel
;64	2742	indel
$2A	2743	indel
G8#	2744	indel
C1:	2745	indel
33$	2746	indel
G62	2747	indel
12^	2748	indel
43G	2749	indel
T55	2750	indel
24;	2751	indel
;4C	2752	indel
~5A	2753	indel
T4A	2754	indel
:3C	2755	indel
T35	2756	indel
73G	2757	indel
^5A	2758	indel
T2^	2759	indel
T87	2760	indel
T77	2761	indel
A4&	2762	indel
C14	2763	indel
^2T	2764	indel
574	2765	indel
A14	2766	indel
33A	2767	indel
A77	2768	indel
A3:	2769	indel
A73	2770	indel
G55	2771	indel
44%	2772	indel
C4;	2773	indel
521	2774	indel
%4A	2775	indel
438	2776	indel
146	2777	indel
58A	2778	indel
347	2779	indel
G82	2780	indel
G66	2781	indel
C56	2782	indel
G8;	2783	indel
A4$	2784	indel
T5#	2785	indel
#4T	2786	indel
G2%	2787	indel
T4%	2788	indel
T62	2789	indel
!6A	2790	indel
G2^	2791	indel
G5&	2792	indel
G4%	2793	indel
?2T	2794	indel
A1;	2795	indel
C74	2796	indel
~8C	2797	indel
C2$	2798	indel
G34	2799	indel
G85	2800	indel
:18	2801	indel
*13	2802	indel
T1!	2803	indel
543	2804	indel
218	2805	indel
G4?	2806	indel
A62	2807	indel
:2A	2808	indel
C65	2809	indel
A1^	2810	indel
T3~	2811	indel
G7T	2812	indel
52G	2813	indel
%2T	2814	indel
G2$	2815	indel
G7A	2816	indel
^3C	2817	indel
:2G	2818	indel
T14	2819	indel
:42	2820	indel
C85	2821	indel
135	2822	indel
&11	2823	indel
N22	2824	indel
^46	2825	indel
327	2826	indel
44;	2827	indel
T18	2828	indel
24#	2829	indel
:4A	2830	indel
418	2831	indel
:4T	2832	indel
N6T	2833	indel
&24	2834	indel
%1G	2835	indel
@41	2836	indel
C5&	2837	indel
13G	2838	indel
:43	2839	indel
181	2840	indel
*8G	2841	indel
T67	2842	indel
36C	2843	indel
T8G	2844	indel
A4%	2845	indel
C82	2846	indel
A4:	2847	indel
?31	2848	indel
43A	2849	indel
54C	2850	indel
A68	2851	indel
317	2852	indel
545	2853	indel
T1#	2854	indel
~8T	2855	indel
G4&	2856	indel
A32	2857	indel
:55	2858	indel
462	2859	indel
14:00	2860	indel
13~	2861	indel
C6T	2862	indel
C4%	2863	indel
:3A	2864	indel
88#	2865	indel
G5@	2866	indel
@21	2867	indel
$2G	2868	indel
!4T	2869	indel
A3$	2870	indel
T6;	2871	indel
G33	2872	indel
23G	2873	indel
833	2874	indel
338	2875	indel
~8A	2876	indel
G67	2877	indel
A1C	2878	indel
C1!	2879	indel
225	2880	indel
522	2881	indel
G3;	2882	indel
G7C	2883	indel
524	2884	indel
42%	2885	indel
67C	2886	indel
#11	2887	indel
A55	2888	indel
23A	2889	indel
%2C	2890	indel
542	2891	indel
:24	2892	indel
%2A	2893	indel
428	2894	indel
A1A	2895	indel
A5~	2896	indel
@24	2897	indel
G8^	2898	indel
&33	2899	indel
*31	2900	indel
71A	2901	indel
!66	2902	indel
G3C	2903	indel
22^	2904	indel
21%	2905	indel
?4C	2906	indel
@42	2907	indel
^11	2908	indel
*8C	2909	indel
44:00:00	2910	indel
#21	2911	indel
24:00:00	2912	indel
A1T	2913	indel
:2C	2914	indel
$4C	2915	indel
^21	2916	indel
G1;	2917	indel
%1C	2918	indel
13C	2919	indel
?4T	2920	indel
T8C	2921	indel
C4:	2922	indel
:4C	2923	indel
#88	2924	indel
T3:	2925	indel
&34	2926	indel
32:00:00	2927	indel
G3^	2928	indel
~4T	2929	indel
A4;	2930	indel
~8G	2931	indel
T2%	2932	indel
!4A	2933	indel
14;	2934	indel
?76	2935	indel
G1!	2936	indel
T1%	2937	indel
T7?	2938	indel
*41	2939	indel
125	2940	indel
^1G	2941	indel
58$	2942	indel
A5G	2943	indel
#3G	2944	indel
824	2945	indel
33C	2946	indel
^2G	2947	indel
?7T	2948	indel
A7@	2949	indel
A45	2950	indel
C8#	2951	indel
#32	2952	indel
C5;	2953	indel
C2%	2954	indel
!7G	2955	indel
:2T	2956	indel
;1A	2957	indel
#8C	2958	indel
?4A	2959	indel
43T	2960	indel
72?	2961	indel
&4T	2962	indel
A6~	2963	indel
~31	2964	indel
G1%	2965	indel
;3T	2966	indel
C3$	2967	indel
T2@	2968	indel
G13	2969	indel
541	2970	indel
$55 	2971	indel
T4?	2972	indel
^1A	2973	indel
^3G	2974	indel
$2C	2975	indel
;6C	2976	indel
T12	2977	indel
^3A	2978	indel
#6G	2979	indel
A2$	2980	indel
41T	2981	indel
14&	2982	indel
A8^	2983	indel
12?	2984	indel
C68	2985	indel
C87	2986	indel
G4:	2987	indel
C55	2988	indel
C8*	2989	indel
C52	2990	indel
18T	2991	indel
:1A	2992	indel
24&	2993	indel
T4;	2994	indel
A1?	2995	indel
721	2996	indel
A8#	2997	indel
!14	2998	indel
41C	2999	indel
A2:	3000	indel
#45	3001	indel
A12	3002	indel
T4G	3003	indel
11:00	3004	indel
A66	3005	indel
33&	3006	indel
G7^	3007	indel
C54	3008	indel
$85 	3009	indel
!6C	3010	indel
44%	3011	indel
^22	3012	indel
~3T	3013	indel
C46	3014	indel
T3&	3015	indel
T3;	3016	indel
31T	3017	indel
345	3018	indel
T6~	3019	indel
C6G	3020	indel
C73	3021	indel
G2:	3022	indel
^3T	3023	indel
^2A	3024	indel
C4$	3025	indel
T8*	3026	indel
T8#	3027	indel
A83	3028	indel
T78	3029	indel
~3C	3030	indel
G8~	3031	indel
C5~	3032	indel
;3G	3033	indel
^8A	3034	indel
;41	3035	indel
642	3036	indel
A3&	3037	indel
A71	3038	indel
T5:	3039	indel
#7G	3040	indel
G74	3041	indel
$3G	3042	indel
~21	3043	indel
^1C	3044	indel
~47	3045	indel
A81	3046	indel
34&	3047	indel
G47	3048	indel
45G	3049	indel
45T	3050	indel
C8!	3051	indel
57A	3052	indel
~13	3053	indel
G68	3054	indel
C5^	3055	indel
C6A	3056	indel
445	3057	indel
%4T	3058	indel
C2:	3059	indel
T7^	3060	indel
C1^	3061	indel
A5$	3062	indel
^7G	3063	indel
*8T	3064	indel
11^	3065	indel
T7~	3066	indel
A5*	3067	indel
32&	3068	indel
T86	3069	indel
~85	3070	indel
21~	3071	indel
T4$	3072	indel
425	3073	indel
42;	3074	indel
21C	3075	indel
A6!	3076	indel
66#	3077	indel
T6!	3078	indel
55:00:00	3079	indel
#13	3080	indel
;3C	3081	indel
~6A	3082	indel
24$	3083	indel
~5G	3084	indel
;7G	3085	indel
G86	3086	indel
@2G	3087	indel
81T	3088	indel
A35	3089	indel
A87	3090	indel
44$	3091	indel
*5A	3092	indel
14*	3093	indel
!3T	3094	indel
G4;	3095	indel
C6!	3096	indel
22~	3097	indel
&44	3098	indel
86~	3099	indel
^5C	3100	indel
821	3101	indel
C1~	3102	indel
T1~	3103	indel
77G	3104	indel
#7T	3105	indel
~88	3106	indel
$23 	3107	indel
24*	3108	indel
G64	3109	indel
#22	3110	indel
C1@	3111	indel
%1T	3112	indel
!8G	3113	indel
^7C	3114	indel
C8~	3115	indel
%1A	3116	indel
$42 	3117	indel
873	3118	indel
#8T	3119	indel
?11	3120	indel
C7^	3121	indel
24?	3122	indel
T8!	3123	indel
C5$	3124	indel
:22	3125	indel
G8*	3126	indel
$4G	3127	indel
D14	3128	indel
12#	3129	indel
@1T	3130	indel
722	3131	indel
336	3132	indel
712	3133	indel
56*	3134	indel
$3C	3135	indel
#6T	3136	indel
:44	3137	indel
11#	3138	indel
813	3139	indel
43C	3140	indel
^5T	3141	indel
88~	3142	indel
*6A	3143	indel
C6;	3144	indel
*44	3145	indel
#23	3146	indel
53C	3147	indel
87T	3148	indel
:33	3149	indel
17T	3150	indel
G83	3151	indel
A5;	3152	indel
147	3153	indel
228	3154	indel
533	3155	indel
C53	3156	indel
C6*	3157	indel
:66	3158	indel
A1%	3159	indel
*43	3160	indel
C6#	3161	indel
23T	3162	indel
C34	3163	indel
335	3164	indel
T1@	3165	indel
744	3166	indel
116	3167	indel
$24 	3168	indel
&43	3169	indel
T4C	3170	indel
22$	3171	indel
16C	3172	indel
&5C	3173	indel
~6T	3174	indel
#33	3175	indel
52C	3176	indel
T2?	3177	indel
51T	3178	indel
34;	3179	indel
21#	3180	indel
42?	3181	indel
?1G	3182	indel
*8A	3183	indel
245	3184	indel
C4?	3185	indel
;2C	3186	indel
G1@	3187	indel
;43	3188	indel
C5!	3189	indel
#14	3190	indel
713	3191	indel
#31	3192	indel
%4G	3193	indel
!41	3194	indel
C32	3195	indel
81#	3196	indel
G3:	3197	indel
88%	3198	indel
66*	3199	indel
;4T	3200	indel
A7!	3201	indel
28T	3202	indel
T61	3203	indel
:3T	3204	indel
G45	3205	indel
A6?	3206	indel
;4G	3207	indel
&6T	3208	indel
G31	3209	indel
C2T	3210	indel
A1G	3211	indel
T38	3212	indel
A7#	3213	indel
54T	3214	indel
&31	3215	indel
&22	3216	indel
G32	3217	indel
11C	3218	indel
$4A	3219	indel
%2G	3220	indel
?22	3221	indel
33!	3222	indel
T56	3223	indel
C33	3224	indel
C2A	3225	indel
^8G	3226	indel
G4$	3227	indel
&5G	3228	indel
28~	3229	indel
$43 	3230	indel
A61	3231	indel
@4T	3232	indel
@2T	3233	indel
A3;	3234	indel
227	3235	indel
476	3236	indel
633	3237	indel
761	3238	indel
T5@	3239	indel
T53	3240	indel
14@	3241	indel
T74	3242	indel
?41	3243	indel
C3*	3244	indel
@44	3245	indel
$1A	3246	indel
~44	3247	indel
14%	3248	indel
*14	3249	indel
G8?	3250	indel
~33	3251	indel
*47	3252	indel
;11	3253	indel
15T	3254	indel
128	3255	indel
;34	3256	indel
#84	3257	indel
!6T	3258	indel
A5^	3259	indel
85T	3260	indel
43:00:00	3261	indel
882	3262	indel
^42	3263	indel
C8;	3264	indel
^13	3265	indel
C6~	3266	indel
42^	3267	indel
!31	3268	indel
C61	3269	indel
325	3270	indel
823	3271	indel
A8~	3272	indel
83A	3273	indel
43^	3274	indel
811	3275	indel
*2C	3276	indel
44&	3277	indel
T1^	3278	indel
24%	3279	indel
28A	3280	indel
27C	3281	indel
22:00	3282	indel
C57	3283	indel
G17	3284	indel
;4$	3285	indel
~1@	3286	indel
33@	3287	indel
66~	3288	indel
^8C	3289	indel
;14	3290	indel
G7#	3291	indel
71T	3292	indel
^43	3293	indel
22;	3294	indel
~6G	3295	indel
;6T	3296	indel
!88	3297	indel
11%	3298	indel
~11	3299	indel
^87	3300	indel
C67	3301	indel
13^	3302	indel
~68	3303	indel
56:00:00	3304	indel
44?	3305	indel
43%	3306	indel
256	3307	indel
247	3308	indel
T5&	3309	indel
*5C	3310	indel
683	3311	indel
681	3312	indel
32$	3313	indel
741	3314	indel
21&	3315	indel
T71	3316	indel
T7%	3317	indel
~65	3318	indel
18;	3319	indel
255	3320	indel
&42	3321	indel
23C	3322	indel
A2@	3323	indel
C3~	3324	indel
C5:	3325	indel
724	3326	indel
A2%	3327	indel
*65	3328	indel
*3T	3329	indel
35C	3330	indel
117	3331	indel
644	3332	indel
T5^	3333	indel
^7A	3334	indel
27G	3335	indel
11@	3336	indel
?34	3337	indel
A3*	3338	indel
G53	3339	indel
T4&	3340	indel
24%	3341	indel
;6A	3342	indel
~5C	3343	indel
A3^	3344	indel
42#	3345	indel
137	3346	indel
*11	3347	indel
&2T	3348	indel
;6G	3349	indel
C81	3350	indel
@14	3351	indel
41:00:00	3352	indel
$22 	3353	indel
83G	3354	indel
417	3355	indel
446	3356	indel
711	3357	indel
C5*	3358	indel
?14	3359	indel
42$	3360	indel
#3A	3361	indel
A3%	3362	indel
54G	3363	indel
64T	3364	indel
G1?	3365	indel
#2T	3366	indel
C1;	3367	indel
22?	3368	indel
:75	3369	indel
&8T	3370	indel
388	3371	indel
^85	3372	indel
52T	3373	indel
12%	3374	indel
@22	3375	indel
T1?	3376	indel
?1A	3377	indel
^88	3378	indel
$5T	3379	indel
T81	3380	indel
#24	3381	indel
473	3382	indel
?2G	3383	indel
A8!	3384	indel
;4A	3385	indel
35&	3386	indel
^82	3387	indel
47A	3388	indel
21@	3389	indel
837	3390	indel
822	3391	indel
252	3392	indel
*5T	3393	indel
814	3394	indel
454	3395	indel
A74	3396	indel
42~	3397	indel
74T	3398	indel
%4C	3399	indel
118	3400	indel
544	3401	indel
848	3402	indel
81C	3403	indel
T3!	3404	indel
~2A	3405	indel
T54	3406	indel
18A	3407	indel
*5G	3408	indel
33*	3409	indel
;5A	3410	indel
852	3411	indel
:11	3412	indel
781	3413	indel
236	3414	indel
53T	3415	indel
#2C	3416	indel
~32	3417	indel
&8A	3418	indel
22&	3419	indel
;44	3420	indel
22%	3421	indel
355	3422	indel
14#	3423	indel
G7!	3424	indel
42*	3425	indel
41?	3426	indel
TLA	3427	MEI
CLA	3428	MEI
TLT	3429	MEI
GLA	3430	MEI
ALA	3431	MEI
TLC	3432	MEI
TLG	3433	MEI
CLT	3434	MEI
GLG	3435	MEI
GLT	3436	MEI
ALG	3437	MEI
TMA	3438	MEI
ALC	3439	MEI
CLC	3440	MEI
ALT	3441	MEI
TMC	3442	MEI
GLC	3443	MEI
TSG	3444	MEI
TSA	3445	MEI
GMA	3446	MEI
CLG	3447	MEI
ASC	3448	MEI
TMG	3449	MEI
AMA	3450	MEI
CSA	3451	MEI
CMA	3452	MEI
GSG	3453	MEI
AMC	3454	MEI
AMG	3455	MEI
TMT	3456	MEI
TSC	3457	MEI
CMT	3458	MEI
CMC	3459	MEI
APC	3460	SV
CDT	3461	SV
GDA	3462	SV
TPT	3463	SV
IIG	3464	SV
GDC	3465	SV
APT	3466	SV
ABA	3467	SV
TDG	3468	SV
TIA	3469	SV
AIA	3470	SV
TIT	3471	SV
AIG	3472	SV
CBA	3473	SV
GBT	3474	SV
APA	3475	SV
GBC	3476	SV
AIT	3477	SV
GIT	3478	SV
GIA	3479	SV
CPA	3480	SV
TDT	3481	SV
TBG	3482	SV
CIC	3483	SV
CBC	3484	SV
CIT	3485	SV
TIG	3486	SV
TPC	3487	SV
ABC	3488	SV
ADA	3489	SV
TDA	3490	SV
GPC	3491	SV
ABT	3492	SV
ABG	3493	SV
ADC	3494	SV
APG	3495	SV
TBA	3496	SV
BBC	3497	SV
GBG	3498	SV
CBT	3499	SV
ADT	3500	SV
CDC	3501	SV
GPA	3502	SV
GDG	3503	SV
TDC	3504	SV
GBA	3505	SV
GIG	3506	SV
TPG	3507	SV
ADG	3508	SV
TBT	3509	SV
GDT	3510	SV
GIC	3511	SV
CPT	3512	SV
TBC	3513	SV
GPG	3514	SV
TPA	3515	SV
CDG	3516	SV
TIC	3517	SV
CIG	3518	SV
GPT	3519	SV
CDA	3520	SV
CPG	3521	SV
AIC	3522	SV
CPC	3523	SV
CBG	3524	SV
CIA	3525	SV
BIG	3526	SV
PIT	3527	SV
BPA	3528	SV
BBT	3529	SV
DPT	3530	SV
DPC	3531	SV
BBG	3532	SV
IIT	3533	SV
BBA	3534	SV
BIT	3535	SV
$IA	3536	SV
DPA	3537	SV
IIC	3538	SV
DIT	3539	SV
PPG	3540	SV
DIC	3541	SV
AD%	3542	SV
BDG	3543	SV
DIG	3544	SV
PIA	3545	SV
BIC	3546	SV
BPG	3547	SV
BPT	3548	SV
1D1	3549	SV
5BA	3550	SV
BDA	3551	SV
DIA	3552	SV
IIA	3553	SV
DDT	3554	SV
BIA	3555	SV
2I1	3556	SV
1D2	3557	SV
PIG	3558	SV
DDA	3559	SV
AI*	3560	SV
TI%	3561	SV
PIC	3562	SV
DPG	3563	SV
BDT	3564	SV
BPC	3565	SV
2BA	3566	SV
AI&	3567	SV
CB:	3568	SV
PPA	3569	SV
BDC	3570	SV
PPC	3571	SV
TB*	3572	SV
PPT	3573	SV
DDG	3574	SV
CP*	3575	SV
CP#	3576	SV
GI?	3577	SV
AI%	3578	SV
3B3	3579	SV
TD%	3580	SV
2D4	3581	SV
AI^	3582	SV
DDC	3583	SV
*IA	3584	SV
1BG	3585	SV
?DC	3586	SV
GD;	3587	SV
$BC	3588	SV
AD:	3589	SV
@DC	3590	SV
CD$	3591	SV
TI?	3592	SV
!IA	3593	SV
&IT	3594	SV
CI$	3595	SV
3D1	3596	SV
TI&	3597	SV
GI~	3598	SV
TP;	3599	SV
4P4	3600	SV
;IA	3601	SV
;IT	3602	SV
TB?	3603	SV
GB^	3604	SV
AP!	3605	SV
&BG	3606	SV
CB^	3607	SV
3B2	3608	SV
@PA	3609	SV
TB;	3610	SV
GD&	3611	SV
TI1	3612	SV
GI%	3613	SV
*IC	3614	SV
2B1	3615	SV
GI!	3616	SV
TP%	3617	SV
GI@	3618	SV
TI*	3619	SV
?DT	3620	SV
AP;	3621	SV
;DC	3622	SV
TI$	3623	SV
GD@	3624	SV
%IA	3625	SV
CI;	3626	SV
CB@	3627	SV
@PT	3628	SV
:PA	3629	SV
CD%	3630	SV
1B2	3631	SV
TD^	3632	SV
TI^	3633	SV
DBC	3634	SV
&IA	3635	SV
*DG	3636	SV
TD:	3637	SV
CP3	3638	SV
2D1	3639	SV
@BA	3640	SV
:DA	3641	SV
AI!	3642	SV
AB$	3643	SV
?IC	3644	SV
CP;	3645	SV
GB:	3646	SV
4B3	3647	SV
:BA	3648	SV
1P2	3649	SV
AI:	3650	SV
@PG	3651	SV
TB%	3652	SV
GP*	3653	SV
GP&	3654	SV
$PA	3655	SV
4P3	3656	SV
AB@	3657	SV
CB%	3658	SV
*BA	3659	SV
AB&	3660	SV
GI^	3661	SV
GB&	3662	SV
GI*	3663	SV
&IC	3664	SV
1B1	3665	SV
TP*	3666	SV
2IA	3667	SV
3P4	3668	SV
@IC	3669	SV
GI;	3670	SV
CD1	3671	SV
GP^	3672	SV
1DG	3673	SV
;D%	3674	SV
NIN	3675	SV
&DC	3676	SV
GD^	3677	SV
&PC	3678	SV
4I3	3679	SV
AD;	3680	SV
AI~	3681	SV
@IA	3682	SV
TI;	3683	SV
;IC	3684	SV
%IC	3685	SV
TD;	3686	SV
%BT	3687	SV
5IT	3688	SV
TB^	3689	SV
&PG	3690	SV
CP^	3691	SV
1P4	3692	SV
GCT	3693	Neg
CGG	3694	Neg
TGG	3695	Neg
TCC	3696	Neg
GCC	3697	Neg
GCG	3698	Neg
TCA	3699	Neg
TGA	3700	Neg
AGC	3701	Neg
ATA	3702	Neg
CGA	3703	Neg
TCT	3704	Neg
GGG	3705	Neg
CTT	3706	Neg
TCG	3707	Neg
AAG	3708	Neg
TTA	3709	Neg
GGA	3710	Neg
CTG	3711	Neg
AGA	3712	Neg
AGG	3713	Neg
GGC	3714	Neg
CCT	3715	Neg
ACC	3716	Neg
CGT	3717	Neg
CGC	3718	Neg
GCA	3719	Neg
CCA	3720	Neg
CCG	3721	Neg
TGC	3722	Neg
CCC	3723	Neg
GAC	3724	Neg
TGT	3725	Neg
ACG	3726	Neg
ATG	3727	Neg
AGT	3728	Neg
GTT	3729	Neg
TTC	3730	Neg
GGT	3731	Neg
TTG	3732	Neg
GAT	3733	Neg
ATC	3734	Neg
CAC	3735	Neg
ATT	3736	Neg
%C4	3737	Neg
ACA	3738	Neg
AAC	3739	Neg
TAA	3740	Neg
5G1	3741	Neg
TAT	3742	Neg
CAG	3743	Neg
GTG	3744	Neg
AAT	3745	Neg
ACT	3746	Neg
CAA	3747	Neg
4C:	3748	Neg
TTT	3749	Neg
CAT	3750	Neg
GTA	3751	Neg
GAA	3752	Neg
AAA	3753	Neg
GAG	3754	Neg
GTC	3755	Neg
TAG	3756	Neg
CTA	3757	Neg
:T1	3758	Neg
4A#	3759	Neg
#C1	3760	Neg
TAC	3761	Neg
4G8	3762	Neg
#G1	3763	Neg
CTC	3764	Neg
5T2	3765	Neg
~A3	3766	Neg
$G2	3767	Neg
AG3	3768	Neg
*T3	3769	Neg
$C4	3770	Neg
^A2	3771	Neg
4A?	3772	Neg
$T3	3773	Neg
AA3	3774	Neg
4A@	3775	Neg
3A%	3776	Neg
TG4	3777	Neg
TG%	3778	Neg
*T1	3779	Neg
3T~	3780	Neg
4A4	3781	Neg
?GA	3782	Neg
AT$	3783	Neg
~AA	3784	Neg
2T^	3785	Neg
4G:	3786	Neg
4A3	3787	Neg
1G8	3788	Neg
2A1	3789	Neg
1G6	3790	Neg
7C4	3791	Neg
!A4	3792	Neg
;A4	3793	Neg
GG5	3794	Neg
5C1	3795	Neg
1G1	3796	Neg
:G1	3797	Neg
^C4	3798	Neg
;CT	3799	Neg
:TA	3800	Neg
~G1	3801	Neg
^CT	3802	Neg
1C&	3803	Neg
3C$	3804	Neg
4A%	3805	Neg
GA:	3806	Neg
4C#	3807	Neg
2T%	3808	Neg
3T&	3809	Neg
1G#	3810	Neg
;T3	3811	Neg
4CA	3812	Neg
^GT	3813	Neg
^GC	3814	Neg
AG@	3815	Neg
*A3	3816	Neg
2AT	3817	Neg
2A4	3818	Neg
:C4	3819	Neg
CC&	3820	Neg
:TT	3821	Neg
AA4	3822	Neg
1T&	3823	Neg
!GG	3824	Neg
8GT	3825	Neg
&GA	3826	Neg
GT4	3827	Neg
3AC	3828	Neg
TG1	3829	Neg
^GA	3830	Neg
$AA	3831	Neg
2T:	3832	Neg
^GG	3833	Neg
1G~	3834	Neg
^G4	3835	Neg
;T1	3836	Neg
CC^	3837	Neg
AG&	3838	Neg
GT3	3839	Neg
TA4	3840	Neg
1G&	3841	Neg
^CG	3842	Neg
^CA	3843	Neg
TT;	3844	Neg
AA:	3845	Neg
^A4	3846	Neg
:AA	3847	Neg
TC2	3848	Neg
2AC	3849	Neg
:C1	3850	Neg
?AT	3851	Neg
^AA	3852	Neg
AA;	3853	Neg
4G#	3854	Neg
TC#	3855	Neg
GT&	3856	Neg
CC#	3857	Neg
^AG	3858	Neg
^AT	3859	Neg
CA3	3860	Neg
2TG	3861	Neg
TC;	3862	Neg
8A3	3863	Neg
2T2	3864	Neg
2T5	3865	Neg
$T1	3866	Neg
&AA	3867	Neg
1T:	3868	Neg
#A4	3869	Neg
&GC	3870	Neg
AC&	3871	Neg
TG&	3872	Neg
3T2	3873	Neg
4AT	3874	Neg
#GG	3875	Neg
!T1	3876	Neg
&G4	3877	Neg
GC4	3878	Neg
4CC	3879	Neg
&C4	3880	Neg
1G^	3881	Neg
1C^	3882	Neg
GG1	3883	Neg
2A#	3884	Neg
3A^	3885	Neg
2A8	3886	Neg
CC:	3887	Neg
3A#	3888	Neg
^T3	3889	Neg
^G2	3890	Neg
4GA	3891	Neg
2T$	3892	Neg
^AC	3893	Neg
4G1	3894	Neg
4AA	3895	Neg
AA#	3896	Neg
TC&	3897	Neg
GT2	3898	Neg
GA^	3899	Neg
GG&	3900	Neg
1T7	3901	Neg
GC&	3902	Neg
AG2	3903	Neg
1A?	3904	Neg
3C5	3905	Neg
TT1	3906	Neg
2T@	3907	Neg
8G1	3908	Neg
!T4	3909	Neg
TA1	3910	Neg
8G2	3911	Neg
GA1	3912	Neg
6T3	3913	Neg
2T~	3914	Neg
CA~	3915	Neg
CG&	3916	Neg
TT^	3917	Neg
#TT	3918	Neg
TC^	3919	Neg
;A3	3920	Neg
^CC	3921	Neg
CC8	3922	Neg
?G$	3923	Neg
~C!	3924	Neg
3A1	3925	Neg
~TT	3926	Neg
AT7	3927	Neg
#A2	3928	Neg
AC!	3929	Neg
3A6	3930	Neg
BAA	3931	Neg
&G2	3932	Neg
~AT	3933	Neg
@AT	3934	Neg
TT3	3935	Neg
3T$	3936	Neg
3C^	3937	Neg
1TG	3938	Neg
:AT	3939	Neg
^A3	3940	Neg
CA4	3941	Neg
AT#	3942	Neg
AC1	3943	Neg
1CT	3944	Neg
AA$	3945	Neg
^TT	3946	Neg
AG4	3947	Neg
TT2	3948	Neg
:GG	3949	Neg
TG3	3950	Neg
:GA	3951	Neg
3C:	3952	Neg
6AG	3953	Neg
4GG	3954	Neg
2CA	3955	Neg
3T:	3956	Neg
~G4	3957	Neg
TG2	3958	Neg
$TC	3959	Neg
2A~	3960	Neg
3AG	3961	Neg
3A3	3962	Neg
CT2	3963	Neg
1T~	3964	Neg
4A~	3965	Neg
;TA	3966	Neg
?TT	3967	Neg
4G;	3968	Neg
@C1	3969	Neg
2TT	3970	Neg
6T1	3971	Neg
4C^	3972	Neg
GC8	3973	Neg
4TA	3974	Neg
?T1	3975	Neg
2AA	3976	Neg
TG:	3977	Neg
TA&	3978	Neg
#CA	3979	Neg
;A2	3980	Neg
1GA	3981	Neg
;G4	3982	Neg
3T@	3983	Neg
TC4	3984	Neg
4C5	3985	Neg
1C@	3986	Neg
1T@	3987	Neg
3CT	3988	Neg
2T1	3989	Neg
2A?	3990	Neg
&TT	3991	Neg
:T2	3992	Neg
$TG	3993	Neg
CT^	3994	Neg
3C&	3995	Neg
$CA	3996	Neg
#GC	3997	Neg
AA1	3998	Neg
!A3	3999	Neg
2A@	4000	Neg
2A^	4001	Neg
3A~	4002	Neg
$T2	4003	Neg
*C1	4004	Neg
AT3	4005	Neg
GC^	4006	Neg
^T1	4007	Neg
^T2	4008	Neg
~T1	4009	Neg
?GT	4010	Neg
3C#	4011	Neg
?A4	4012	Neg
4C$	4013	Neg
:T3	4014	Neg
TA2	4015	Neg
#A3	4016	Neg
:CA	4017	Neg
3T5	4018	Neg
7TT	4019	Neg
7T1	4020	Neg
&GT	4021	Neg
$T7	4022	Neg
AT^	4023	Neg
4GT	4024	Neg
5T3	4025	Neg
CC2	4026	Neg
CG6	4027	Neg
%T1	4028	Neg
^TG	4029	Neg
4A*	4030	Neg
;AG	4031	Neg
3T3	4032	Neg
CA&	4033	Neg
4C4	4034	Neg
CT@	4035	Neg
AT?	4036	Neg
$TT	4037	Neg
3C~	4038	Neg
&GG	4039	Neg
3T;	4040	Neg
1T!	4041	Neg
2TA	4042	Neg
&TC	4043	Neg
TT?	4044	Neg
4T!	4045	Neg
$GG	4046	Neg
6A4	4047	Neg
AC:	4048	Neg
~T2	4049	Neg
4C1	4050	Neg
AT;	4051	Neg
4TT	4052	Neg
TT4	4053	Neg
1T1	4054	Neg
CA$	4055	Neg
2G8	4056	Neg
TT~	4057	Neg
3A!	4058	Neg
1G*	4059	Neg
&CT	4060	Neg
GT@	4061	Neg
2T?	4062	Neg
:G2	4063	Neg
CC~	4064	Neg
AA~	4065	Neg
3C8	4066	Neg
?A1	4067	Neg
?TA	4068	Neg
ICT	4069	Neg
;AC	4070	Neg
^T$	4071	Neg
4C2	4072	Neg
AA&	4073	Neg
$T4	4074	Neg
2T#	4075	Neg
AT:	4076	Neg
TC?	4077	Neg
4G5	4078	Neg
CA^	4079	Neg
CT3	4080	Neg
1CA	4081	Neg
CT;	4082	Neg
4G3	4083	Neg
3TT	4084	Neg
2A7	4085	Neg
@AA	4086	Neg
TA$	4087	Neg
AT~	4088	Neg
GT$	4089	Neg
8TT	4090	Neg
$C5	4091	Neg
4G&	4092	Neg
4A6	4093	Neg
6T?	4094	Neg
!C1	4095	Neg
:G4	4096	Neg
3T1	4097	Neg
TG;	4098	Neg
&AG	4099	Neg
AC$	4100	Neg
1C#	4101	Neg
$AG	4102	Neg
2AG	4103	Neg
*C3	4104	Neg
3T%	4105	Neg
;CC	4106	Neg
*A2	4107	Neg
CT~	4108	Neg
AA?	4109	Neg
3C1	4110	Neg
1T^	4111	Neg
;AA	4112	Neg
2A2	4113	Neg
2A3	4114	Neg
TG?	4115	Neg
!C4	4116	Neg
&G1	4117	Neg
*CC	4118	Neg
2T*	4119	Neg
CC*	4120	Neg
%A3	4121	Neg
1TT	4122	Neg
;T4	4123	Neg
TA%	4124	Neg
2T;	4125	Neg
3C!	4126	Neg
@A3	4127	Neg
4AC	4128	Neg
CC3	4129	Neg
2G2	4130	Neg
1T3	4131	Neg
#GT	4132	Neg
@GG	4133	Neg
CG^	4134	Neg
TT:	4135	Neg
!T3	4136	Neg
:A3	4137	Neg
$G4	4138	Neg
GC;	4139	Neg
?GC	4140	Neg
1C1	4141	Neg
AA!	4142	Neg
2TC	4143	Neg
GA3	4144	Neg
5CC	4145	Neg
;TG	4146	Neg
:CG	4147	Neg
6AA	4148	Neg
AT1	4149	Neg
GA4	4150	Neg
@T3	4151	Neg
;C4	4152	Neg
;GC	4153	Neg
GA&	4154	Neg
:AC	4155	Neg
%A4	4156	Neg
1T%	4157	Neg
TT6	4158	Neg
AT2	4159	Neg
TA:	4160	Neg
;TT	4161	Neg
$C1	4162	Neg
&G3	4163	Neg
4G~	4164	Neg
GA;	4165	Neg
;GA	4166	Neg
4TC	4167	Neg
TG@	4168	Neg
2T4	4169	Neg
&CG	4170	Neg
1C3	4171	Neg
^TC	4172	Neg
?AG	4173	Neg
:T6	4174	Neg
GC!	4175	Neg
5TT	4176	Neg
4C?	4177	Neg
;G1	4178	Neg
;A1	4179	Neg
CC;	4180	Neg
#CT	4181	Neg
7C?	4182	Neg
~A4	4183	Neg
1T$	4184	Neg
TA#	4185	Neg
AA2	4186	Neg
2G4	4187	Neg
GG6	4188	Neg
2T&	4189	Neg
AG%	4190	Neg
2T3	4191	Neg
PCA	4192	Neg
?T4	4193	Neg
5G4	4194	Neg
3C4	4195	Neg
7A2	4196	Neg
~A2	4197	Neg
GC#	4198	Neg
3CA	4199	Neg
TA@	4200	Neg
:GC	4201	Neg
%AG	4202	Neg
8GA	4203	Neg
3A8	4204	Neg
AC7	4205	Neg
GT#	4206	Neg
%T4	4207	Neg
TC!	4208	Neg
8AC	4209	Neg
!G1	4210	Neg
AG1	4211	Neg
4CT	4212	Neg
?G4	4213	Neg
&TG	4214	Neg
3AA	4215	Neg
5C4	4216	Neg
4G2	4217	Neg
1GC	4218	Neg
1TA	4219	Neg
4C;	4220	Neg
5T$	4221	Neg
CT6	4222	Neg
@TT	4223	Neg
4T3	4224	Neg
3GG	4225	Neg
GC1	4226	Neg
%GG	4227	Neg
5C%	4228	Neg
;C!	4229	Neg
@T1	4230	Neg
5T?	4231	Neg
CT*	4232	Neg
AT4	4233	Neg
1CC	4234	Neg
#C4	4235	Neg
3T!	4236	Neg
3T6	4237	Neg
4A!	4238	Neg
GT:	4239	Neg
TA5	4240	Neg
GG4	4241	Neg
1G:	4242	Neg
1T4	4243	Neg
?A2	4244	Neg
&T3	4245	Neg
*CT	4246	Neg
&T1	4247	Neg
CA2	4248	Neg
6T4	4249	Neg
8A2	4250	Neg
1AA	4251	Neg
CC4	4252	Neg
AG~	4253	Neg
7CC	4254	Neg
;G2	4255	Neg
:GT	4256	Neg
3C@	4257	Neg
#TC	4258	Neg
4A7	4259	Neg
2G&	4260	Neg
GA@	4261	Neg
;TC	4262	Neg
1T*	4263	Neg
@GC	4264	Neg
^T5	4265	Neg
?T2	4266	Neg
4T:	4267	Neg
3AT	4268	Neg
7A4	4269	Neg
TA?	4270	Neg
2G3	4271	Neg
1A4	4272	Neg
#A1	4273	Neg
7GA	4274	Neg
@AG	4275	Neg
TG^	4276	Neg
5C5	4277	Neg
%T3	4278	Neg
IGA	4279	Neg
$AT	4280	Neg
#TA	4281	Neg
TA;	4282	Neg
TC@	4283	Neg
CT?	4284	Neg
GA#	4285	Neg
!AT	4286	Neg
1C?	4287	Neg
!GA	4288	Neg
!G4	4289	Neg
?TC	4290	Neg
AA^	4291	Neg
AC%	4292	Neg
TA^	4293	Neg
2CC	4294	Neg
1C5	4295	Neg
TT$	4296	Neg
TC6	4297	Neg
CA:	4298	Neg
5CA	4299	Neg
1T2	4300	Neg
$G6	4301	Neg
3C;	4302	Neg
1C~	4303	Neg
%CC	4304	Neg
6T^	4305	Neg
;C1	4306	Neg
&CA	4307	Neg
CT5	4308	Neg
8AG	4309	Neg
5TC	4310	Neg
~A$	4311	Neg
1T#	4312	Neg
~T$	4313	Neg
7AT	4314	Neg
AT6	4315	Neg
5T&	4316	Neg
GG$	4317	Neg
;GT	4318	Neg
^A8	4319	Neg
CC$	4320	Neg
1A1	4321	Neg
;A^	4322	Neg
7T#	4323	Neg
2A:	4324	Neg
^TA	4325	Neg
@CA	4326	Neg
1GG	4327	Neg
4G4	4328	Neg
CA1	4329	Neg
3TG	4330	Neg
3C6	4331	Neg
@A2	4332	Neg
$A&	4333	Neg
1G2	4334	Neg
1C!	4335	Neg
!G2	4336	Neg
#G4	4337	Neg
1C:	4338	Neg
5CT	4339	Neg
3C2	4340	Neg
~AC	4341	Neg
GG2	4342	Neg
6T6	4343	Neg
1TC	4344	Neg
?C;	4345	Neg
GC?	4346	Neg
TC1	4347	Neg
!AA	4348	Neg
&CC	4349	Neg
@G!	4350	Neg
CA?	4351	Neg
&TA	4352	Neg
$GT	4353	Neg
GC2	4354	Neg
8G4	4355	Neg
TC$	4356	Neg
AG;	4357	Neg
?T3	4358	Neg
1T?	4359	Neg
2GC	4360	Neg
@CC	4361	Neg
2A!	4362	Neg
1C$	4363	Neg
TG~	4364	Neg
$TA	4365	Neg
TG$	4366	Neg
~GA	4367	Neg
CG;	4368	Neg
GC$	4369	Neg
GT^	4370	Neg
AC~	4371	Neg
*C;	4372	Neg
GA%	4373	Neg
3CG	4374	Neg
#T!	4375	Neg
4G*	4376	Neg
4A8	4377	Neg
5T1	4378	Neg
GG*	4379	Neg
GT5	4380	Neg
#G3	4381	Neg
TT#	4382	Neg
5GA	4383	Neg
TA*	4384	Neg
~C;	4385	Neg
1A*	4386	Neg
4G$	4387	Neg
$CT	4388	Neg
CA7	4389	Neg
7T2	4390	Neg
?TG	4391	Neg
3TC	4392	Neg
#G2	4393	Neg
*T2	4394	Neg
GA?	4395	Neg
1C8	4396	Neg
GA2	4397	Neg
GT%	4398	Neg
&AT	4399	Neg
3C3	4400	Neg
%GT	4401	Neg
~TA	4402	Neg
$C3	4403	Neg
3T*	4404	Neg
%AA	4405	Neg
:G3	4406	Neg
~GG	4407	Neg
2G~	4408	Neg
2GG	4409	Neg
$AC	4410	Neg
~T#	4411	Neg
@C4	4412	Neg
TT8	4413	Neg
AT%	4414	Neg
3TA	4415	Neg
:AG	4416	Neg
4C*	4417	Neg
*C4	4418	Neg
GC~	4419	Neg
TA!	4420	Neg
6T2	4421	Neg
2A%	4422	Neg
;C3	4423	Neg
*A4	4424	Neg
2T7	4425	Neg
GG^	4426	Neg
$G5	4427	Neg
%CA	4428	Neg
3G&	4429	Neg
AC^	4430	Neg
*AA	4431	Neg
1G4	4432	Neg
IAA	4433	Neg
IAT	4434	Neg
CT#	4435	Neg
*GG	4436	Neg
@T4	4437	Neg
4C3	4438	Neg
1A;	4439	Neg
4T1	4440	Neg
TA3	4441	Neg
CC1	4442	Neg
GT?	4443	Neg
AG^	4444	Neg
&T&	4445	Neg
AT8	4446	Neg
$A4	4447	Neg
3A&	4448	Neg
3CC	4449	Neg
1T5	4450	Neg
3GA	4451	Neg
8GG	4452	Neg
%TG	4453	Neg
GC:	4454	Neg
~G2	4455	Neg
GA~	4456	Neg
6TC	4457	Neg
8AT	4458	Neg
6TT	4459	Neg
AT5	4460	Neg
&AC	4461	Neg
4G6	4462	Neg
GG;	4463	Neg
CG$	4464	Neg
@CG	4465	Neg
TT5	4466	Neg
#TG	4467	Neg
1T6	4468	Neg
@AC	4469	Neg
AG:	4470	Neg
#T2	4471	Neg
8C4	4472	Neg
5AA	4473	Neg
TC~	4474	Neg
&T4	4475	Neg
1A^	4476	Neg
;A#	4477	Neg
:T@	4478	Neg
6A3	4479	Neg
$T6	4480	Neg
8C1	4481	Neg
7A:	4482	Neg
4A2	4483	Neg
GA$	4484	Neg
4C~	4485	Neg
$G1	4486	Neg
4A1	4487	Neg
!AG	4488	Neg
1A6	4489	Neg
@GA	4490	Neg
4A^	4491	Neg
GT;	4492	Neg
%A2	4493	Neg
#T5	4494	Neg
;CA	4495	Neg
3A2	4496	Neg
:T%	4497	Neg
&C1	4498	Neg
7AA	4499	Neg
5C:	4500	Neg
CT4	4501	Neg
*A#	4502	Neg
*AT	4503	Neg
AG#	4504	Neg
;CG	4505	Neg
1G3	4506	Neg
6CC	4507	Neg
AC4	4508	Neg
^C1	4509	Neg
;AT	4510	Neg
CA#	4511	Neg
:TG	4512	Neg
@A4	4513	Neg
AA6	4514	Neg
5TA	4515	Neg
GT1	4516	Neg
3T^	4517	Neg
~GT	4518	Neg
#A!	4519	Neg
AT&	4520	Neg
AC@	4521	Neg
;GG	4522	Neg
AT@	4523	Neg
TT&	4524	Neg
?CA	4525	Neg
TG8	4526	Neg
GG%	4527	Neg
2GT	4528	Neg
AC#	4529	Neg
^A1	4530	Neg
4T&	4531	Neg
!CT	4532	Neg
GG@	4533	Neg
1T;	4534	Neg
%T2	4535	Neg
3A*	4536	Neg
CT$	4537	Neg
AA*	4538	Neg
%TT	4539	Neg
#T^	4540	Neg
GA*	4541	Neg
TG*	4542	Neg
!GT	4543	Neg
CG4	4544	Neg
TT!	4545	Neg
?AA	4546	Neg
4T@	4547	Neg
?A3	4548	Neg
2T!	4549	Neg
@CT	4550	Neg
@TC	4551	Neg
1GT	4552	Neg
DCA	4553	Neg
4GC	4554	Neg
6TG	4555	Neg
$GA	4556	Neg
%A6	4557	Neg
:CC	4558	Neg
3T4	4559	Neg
1G$	4560	Neg
~C4	4561	Neg
?T:	4562	Neg
2A;	4563	Neg
AG!	4564	Neg
~TG	4565	Neg
?T;	4566	Neg
@A!	4567	Neg
2G$	4568	Neg
~CG	4569	Neg
8CC	4570	Neg
3A@	4571	Neg
#GA	4572	Neg
GA7	4573	Neg
GT*	4574	Neg
&A4	4575	Neg
!T2	4576	Neg
3A?	4577	Neg
%AC	4578	Neg
*G1	4579	Neg
2GA	4580	Neg
AC;	4581	Neg
!AC	4582	Neg
TA~	4583	Neg
!TT	4584	Neg
2G5	4585	Neg
@GT	4586	Neg
?C4	4587	Neg
!A2	4588	Neg
3T?	4589	Neg
:T4	4590	Neg
?CT	4591	Neg
CA;	4592	Neg
GA8	4593	Neg
CG@	4594	Neg
AC?	4595	Neg
AC3	4596	Neg
:TC	4597	Neg
GT7	4598	Neg
5T6	4599	Neg
4C!	4600	Neg
*C?	4601	Neg
GG?	4602	Neg
CG%	4603	Neg
^C#	4604	Neg
%CT	4605	Neg
$C%	4606	Neg
CG:	4607	Neg
*T%	4608	Neg
%T;	4609	Neg
%T%	4610	Neg
%A&	4611	Neg
%TC	4612	Neg
7TC	4613	Neg
#T1	4614	Neg
:T:	4615	Neg
#A%	4616	Neg
AC*	4617	Neg
7A%	4618	Neg
?GG	4619	Neg
*CA	4620	Neg
6A2	4621	Neg
?CC	4622	Neg
~G^	4623	Neg
&C$	4624	Neg
3G:	4625	Neg
#C2	4626	Neg
4AG	4627	Neg
!TA	4628	Neg
4C@	4629	Neg
#AT	4630	Neg
4T;	4631	Neg
@A1	4632	Neg
TC*	4633	Neg
CG1	4634	Neg
1AG	4635	Neg
CG~	4636	Neg
CT1	4637	Neg
$A2	4638	Neg
7TG	4639	Neg
CA!	4640	Neg
:G5	4641	Neg
8C#	4642	Neg
CA%	4643	Neg
%GA	4644	Neg
4TG	4645	Neg
~A1	4646	Neg
4T$	4647	Neg
AA@	4648	Neg
AT!	4649	Neg
~T3	4650	Neg
8C8	4651	Neg
8AA	4652	Neg
8A8	4653	Neg
4G!	4654	Neg
%A8	4655	Neg
CA8	4656	Neg
4A;	4657	Neg
TA8	4658	Neg
3A;	4659	Neg
@T2	4660	Neg
$C:	4661	Neg
CT%	4662	Neg
CC@	4663	Neg
^C;	4664	Neg
7GG	4665	Neg
5TG	4666	Neg
7AG	4667	Neg
;T2	4668	Neg
6A~	4669	Neg
AG$	4670	Neg
AG?	4671	Neg
~CC	4672	Neg
5CG	4673	Neg
3A4	4674	Neg
^A#	4675	Neg
;G3	4676	Neg
!TG	4677	Neg
8A^	4678	Neg
TC3	4679	Neg
%C3	4680	Neg
CA*	4681	Neg
!C3	4682	Neg
^C3	4683	Neg
AA8	4684	Neg
:A2	4685	Neg
?T!	4686	Neg
TG!	4687	Neg
2C%	4688	Neg
!CA	4689	Neg
CG2	4690	Neg
$CG	4691	Neg
~C1	4692	Neg
2T6	4693	Neg
1G!	4694	Neg
1A~	4695	Neg
PAA	4696	Neg
2C:	4697	Neg
AG8	4698	Neg
~AG	4699	Neg
~CA	4700	Neg
&C8	4701	Neg
&A3	4702	Neg
^A6	4703	Neg
$A6	4704	Neg
#T3	4705	Neg
3G2	4706	Neg
GC3	4707	Neg
7CT	4708	Neg
TC:	4709	Neg
#CC	4710	Neg
1C4	4711	Neg
$A7	4712	Neg
?T6	4713	Neg
6AT	4714	Neg
GG#	4715	Neg
!G6	4716	Neg
4T%	4717	Neg
*A1	4718	Neg
6T&	4719	Neg
5T5	4720	Neg
5C#	4721	Neg
7T%	4722	Neg
1AT	4723	Neg
%C#	4724	Neg
5T:	4725	Neg
IAC	4726	Neg
BCA	4727	Neg
DCT	4728	Neg
IGG	4729	Neg
PCT	4730	Neg
ITA	4731	Neg
PTT	4732	Neg
ITC	4733	Neg
ICA	4734	Neg
DCC	4735	Neg
DGC	4736	Neg
DAC	4737	Neg
IAG	4738	Neg
^AI	4739	Neg
BAC	4740	Neg
DTC	4741	Neg
PGA	4742	Neg
6T!	4743	Neg
:G*	4744	Neg
5C$	4745	Neg
%A1	4746	Neg
1G;	4747	Neg
TC8	4748	Neg
4C8	4749	Neg
4G^	4750	Neg
3GT	4751	Neg
8C7	4752	Neg
!A1	4753	Neg
3T#	4754	Neg
*T7	4755	Neg
TG#	4756	Neg
7A6	4757	Neg
$A3	4758	Neg
#T7	4759	Neg
1C*	4760	Neg
TT%	4761	Neg
%TA	4762	Neg
2A6	4763	Neg
7T3	4764	Neg
$CC	4765	Neg
8CT	4766	Neg
%AT	4767	Neg
#AA	4768	Neg
TG5	4769	Neg
CT&	4770	Neg
CG#	4771	Neg
5T*	4772	Neg
8G^	4773	Neg
:C5	4774	Neg
1C;	4775	Neg
$A8	4776	Neg
1C%	4777	Neg
%C8	4778	Neg
*GC	4779	Neg
TT@	4780	Neg
4C&	4781	Neg
AG5	4782	Neg
;C:	4783	Neg
AC2	4784	Neg
CC%	4785	Neg
GG:	4786	Neg
AG*	4787	Neg
&T@	4788	Neg
5T~	4789	Neg
CT:	4790	Neg
*G4	4791	Neg
CC7	4792	Neg
5GC	4793	Neg
;T7	4794	Neg
CG?	4795	Neg
*TT	4796	Neg
*G2	4797	Neg
3C%	4798	Neg
5GT	4799	Neg
AC5	4800	Neg
#AG	4801	Neg
&A:	4802	Neg
1G5	4803	Neg
7T^	4804	Neg
7C1	4805	Neg
*TC	4806	Neg
;A8	4807	Neg
3C*	4808	Neg
8C;	4809	Neg
2C$	4810	Neg
8C$	4811	Neg
GC@	4812	Neg
?CG	4813	Neg
~G3	4814	Neg
1A!	4815	Neg
1CG	4816	Neg
8C^	4817	Neg
3A7	4818	Neg
TC%	4819	Neg
;T5	4820	Neg
GN:	4821	Neg
@C3	4822	Neg
$T5	4823	Neg
8C5	4824	Neg
NT7	4825	Neg
6T~	4826	Neg
2G1	4827	Neg
ANA	4828	Neg
6CT	4829	Neg
TNT	4830	Neg
